National Total	Autonomous Communities and Cities	Index type	Indices and rates	Period	Total
Nacional		General	Index	2025QIII	183.389
Nacional		General	Index	2025QII	178.184
Nacional		General	Index	2025QI	171.296
Nacional		General	Index	2024QIV	165.433
Nacional		General	Index	2024QIII	162.521
Nacional		General	Index	2024QII	158.083
Nacional		General	Index	2024QI	152.618
Nacional		General	Index	2023QIV	148.690
Nacional		General	Index	2023QIII	150.273
Nacional		General	Index	2023QII	146.583
Nacional		General	Index	2023QI	143.580
Nacional		General	Index	2022QIV	142.666
Nacional		General	Index	2022QIII	143.860
Nacional		General	Index	2022QII	141.433
Nacional		General	Index	2022QI	138.742
Nacional		General	Index	2021QIV	135.291
Nacional		General	Index	2021QIII	133.652
Nacional		General	Index	2021QII	130.937
Nacional		General	Index	2021QI	127.831
Nacional		General	Index	2020QIV	127.179
Nacional		General	Index	2020QIII	128.255
Nacional		General	Index	2020QII	126.799
Nacional		General	Index	2020QI	126.695
Nacional		General	Index	2019QIV	125.320
Nacional		General	Index	2019QIII	126.135
Nacional		General	Index	2019QII	124.175
Nacional		General	Index	2019QI	122.758
Nacional		General	Index	2018QIV	120.954
Nacional		General	Index	2018QIII	120.491
Nacional		General	Index	2018QII	117.941
Nacional		General	Index	2018QI	114.994
Nacional		General	Index	2017QIV	113.457
Nacional		General	Index	2017QIII	112.442
Nacional		General	Index	2017QII	110.410
Nacional		General	Index	2017QI	108.239
Nacional		General	Index	2016QIV	105.848
Nacional		General	Index	2016QIII	105.431
Nacional		General	Index	2016QII	104.601
Nacional		General	Index	2016QI	102.775
Nacional		General	Index	2015QIV	101.305
Nacional		General	Index	2015QIII	101.358
Nacional		General	Index	2015QII	100.687
Nacional		General	Index	2015QI	96.651
Nacional		General	Index	2014QIV	97.194
Nacional		General	Index	2014QIII	97.002
Nacional		General	Index	2014QII	96.805
Nacional		General	Index	2014QI	95.208
Nacional		General	Index	2013QIV	95.512
Nacional		General	Index	2013QIII	96.742
Nacional		General	Index	2013QII	96.041
Nacional		General	Index	2013QI	96.768
Nacional		General	Index	2012QIV	103.593
Nacional		General	Index	2012QIII	105.073
Nacional		General	Index	2012QII	109.187
Nacional		General	Index	2012QI	112.861
Nacional		General	Index	2011QIV	118.782
Nacional		General	Index	2011QIII	123.948
Nacional		General	Index	2011QII	127.528
Nacional		General	Index	2011QI	129.059
Nacional		General	Index	2010QIV	133.718
Nacional		General	Index	2010QIII	133.846
Nacional		General	Index	2010QII	136.790
Nacional		General	Index	2010QI	134.626
Nacional		General	Index	2009QIV	136.313
Nacional		General	Index	2009QIII	136.845
Nacional		General	Index	2009QII	138.082
Nacional		General	Index	2009QI	138.693
Nacional		General	Index	2008QIV	142.511
Nacional		General	Index	2008QIII	147.134
Nacional		General	Index	2008QII	149.618
Nacional		General	Index	2008QI	150.082
Nacional		General	Index	2007QIV	150.640
Nacional		General	Index	2007QIII	151.719
Nacional		General	Index	2007QII	150.103
Nacional		General	Index	2007QI	145.935
Nacional	01 Andalucía	General	Index	2025QIII	182.372
Nacional	01 Andalucía	General	Index	2025QII	177.504
Nacional	01 Andalucía	General	Index	2025QI	170.858
Nacional	01 Andalucía	General	Index	2024QIV	165.457
Nacional	01 Andalucía	General	Index	2024QIII	162.275
Nacional	01 Andalucía	General	Index	2024QII	156.273
Nacional	01 Andalucía	General	Index	2024QI	149.880
Nacional	01 Andalucía	General	Index	2023QIV	145.927
Nacional	01 Andalucía	General	Index	2023QIII	146.784
Nacional	01 Andalucía	General	Index	2023QII	142.672
Nacional	01 Andalucía	General	Index	2023QI	138.890
Nacional	01 Andalucía	General	Index	2022QIV	138.587
Nacional	01 Andalucía	General	Index	2022QIII	138.730
Nacional	01 Andalucía	General	Index	2022QII	136.525
Nacional	01 Andalucía	General	Index	2022QI	133.300
Nacional	01 Andalucía	General	Index	2021QIV	130.178
Nacional	01 Andalucía	General	Index	2021QIII	128.119
Nacional	01 Andalucía	General	Index	2021QII	123.878
Nacional	01 Andalucía	General	Index	2021QI	120.217
Nacional	01 Andalucía	General	Index	2020QIV	120.518
Nacional	01 Andalucía	General	Index	2020QIII	120.819
Nacional	01 Andalucía	General	Index	2020QII	119.613
Nacional	01 Andalucía	General	Index	2020QI	119.440
Nacional	01 Andalucía	General	Index	2019QIV	118.553
Nacional	01 Andalucía	General	Index	2019QIII	119.331
Nacional	01 Andalucía	General	Index	2019QII	116.842
Nacional	01 Andalucía	General	Index	2019QI	114.705
Nacional	01 Andalucía	General	Index	2018QIV	113.831
Nacional	01 Andalucía	General	Index	2018QIII	112.673
Nacional	01 Andalucía	General	Index	2018QII	110.695
Nacional	01 Andalucía	General	Index	2018QI	108.283
Nacional	01 Andalucía	General	Index	2017QIV	107.763
Nacional	01 Andalucía	General	Index	2017QIII	106.913
Nacional	01 Andalucía	General	Index	2017QII	105.676
Nacional	01 Andalucía	General	Index	2017QI	104.051
Nacional	01 Andalucía	General	Index	2016QIV	103.142
Nacional	01 Andalucía	General	Index	2016QIII	103.113
Nacional	01 Andalucía	General	Index	2016QII	103.201
Nacional	01 Andalucía	General	Index	2016QI	101.910
Nacional	01 Andalucía	General	Index	2015QIV	101.029
Nacional	01 Andalucía	General	Index	2015QIII	101.734
Nacional	01 Andalucía	General	Index	2015QII	100.600
Nacional	01 Andalucía	General	Index	2015QI	96.637
Nacional	01 Andalucía	General	Index	2014QIV	98.094
Nacional	01 Andalucía	General	Index	2014QIII	97.478
Nacional	01 Andalucía	General	Index	2014QII	97.214
Nacional	01 Andalucía	General	Index	2014QI	95.522
Nacional	01 Andalucía	General	Index	2013QIV	96.389
Nacional	01 Andalucía	General	Index	2013QIII	97.433
Nacional	01 Andalucía	General	Index	2013QII	96.563
Nacional	01 Andalucía	General	Index	2013QI	97.307
Nacional	01 Andalucía	General	Index	2012QIV	102.861
Nacional	01 Andalucía	General	Index	2012QIII	104.624
Nacional	01 Andalucía	General	Index	2012QII	106.719
Nacional	01 Andalucía	General	Index	2012QI	110.865
Nacional	01 Andalucía	General	Index	2011QIV	116.257
Nacional	01 Andalucía	General	Index	2011QIII	119.932
Nacional	01 Andalucía	General	Index	2011QII	122.836
Nacional	01 Andalucía	General	Index	2011QI	122.879
Nacional	01 Andalucía	General	Index	2010QIV	126.862
Nacional	01 Andalucía	General	Index	2010QIII	127.118
Nacional	01 Andalucía	General	Index	2010QII	130.094
Nacional	01 Andalucía	General	Index	2010QI	128.360
Nacional	01 Andalucía	General	Index	2009QIV	129.541
Nacional	01 Andalucía	General	Index	2009QIII	129.930
Nacional	01 Andalucía	General	Index	2009QII	130.679
Nacional	01 Andalucía	General	Index	2009QI	130.500
Nacional	01 Andalucía	General	Index	2008QIV	131.847
Nacional	01 Andalucía	General	Index	2008QIII	135.361
Nacional	01 Andalucía	General	Index	2008QII	135.178
Nacional	01 Andalucía	General	Index	2008QI	135.751
Nacional	01 Andalucía	General	Index	2007QIV	135.785
Nacional	01 Andalucía	General	Index	2007QIII	133.943
Nacional	01 Andalucía	General	Index	2007QII	130.901
Nacional	01 Andalucía	General	Index	2007QI	127.081
Nacional	02 Aragón	General	Index	2025QIII	176.563
Nacional	02 Aragón	General	Index	2025QII	170.432
Nacional	02 Aragón	General	Index	2025QI	162.696
Nacional	02 Aragón	General	Index	2024QIV	156.497
Nacional	02 Aragón	General	Index	2024QIII	154.092
Nacional	02 Aragón	General	Index	2024QII	149.893
Nacional	02 Aragón	General	Index	2024QI	143.668
Nacional	02 Aragón	General	Index	2023QIV	138.068
Nacional	02 Aragón	General	Index	2023QIII	139.690
Nacional	02 Aragón	General	Index	2023QII	136.449
Nacional	02 Aragón	General	Index	2023QI	134.247
Nacional	02 Aragón	General	Index	2022QIV	132.396
Nacional	02 Aragón	General	Index	2022QIII	133.388
Nacional	02 Aragón	General	Index	2022QII	131.950
Nacional	02 Aragón	General	Index	2022QI	130.106
Nacional	02 Aragón	General	Index	2021QIV	126.951
Nacional	02 Aragón	General	Index	2021QIII	125.622
Nacional	02 Aragón	General	Index	2021QII	122.696
Nacional	02 Aragón	General	Index	2021QI	120.807
Nacional	02 Aragón	General	Index	2020QIV	119.395
Nacional	02 Aragón	General	Index	2020QIII	120.261
Nacional	02 Aragón	General	Index	2020QII	119.737
Nacional	02 Aragón	General	Index	2020QI	118.557
Nacional	02 Aragón	General	Index	2019QIV	118.107
Nacional	02 Aragón	General	Index	2019QIII	117.328
Nacional	02 Aragón	General	Index	2019QII	116.219
Nacional	02 Aragón	General	Index	2019QI	114.400
Nacional	02 Aragón	General	Index	2018QIV	111.958
Nacional	02 Aragón	General	Index	2018QIII	110.941
Nacional	02 Aragón	General	Index	2018QII	108.946
Nacional	02 Aragón	General	Index	2018QI	107.505
Nacional	02 Aragón	General	Index	2017QIV	105.419
Nacional	02 Aragón	General	Index	2017QIII	105.181
Nacional	02 Aragón	General	Index	2017QII	104.254
Nacional	02 Aragón	General	Index	2017QI	104.298
Nacional	02 Aragón	General	Index	2016QIV	102.218
Nacional	02 Aragón	General	Index	2016QIII	102.258
Nacional	02 Aragón	General	Index	2016QII	102.571
Nacional	02 Aragón	General	Index	2016QI	100.535
Nacional	02 Aragón	General	Index	2015QIV	99.886
Nacional	02 Aragón	General	Index	2015QIII	100.255
Nacional	02 Aragón	General	Index	2015QII	101.227
Nacional	02 Aragón	General	Index	2015QI	98.632
Nacional	02 Aragón	General	Index	2014QIV	99.233
Nacional	02 Aragón	General	Index	2014QIII	99.341
Nacional	02 Aragón	General	Index	2014QII	99.906
Nacional	02 Aragón	General	Index	2014QI	98.148
Nacional	02 Aragón	General	Index	2013QIV	99.170
Nacional	02 Aragón	General	Index	2013QIII	101.370
Nacional	02 Aragón	General	Index	2013QII	102.236
Nacional	02 Aragón	General	Index	2013QI	103.193
Nacional	02 Aragón	General	Index	2012QIV	113.285
Nacional	02 Aragón	General	Index	2012QIII	114.084
Nacional	02 Aragón	General	Index	2012QII	118.843
Nacional	02 Aragón	General	Index	2012QI	118.835
Nacional	02 Aragón	General	Index	2011QIV	128.457
Nacional	02 Aragón	General	Index	2011QIII	136.197
Nacional	02 Aragón	General	Index	2011QII	139.049
Nacional	02 Aragón	General	Index	2011QI	139.600
Nacional	02 Aragón	General	Index	2010QIV	146.806
Nacional	02 Aragón	General	Index	2010QIII	145.905
Nacional	02 Aragón	General	Index	2010QII	150.299
Nacional	02 Aragón	General	Index	2010QI	148.846
Nacional	02 Aragón	General	Index	2009QIV	153.443
Nacional	02 Aragón	General	Index	2009QIII	155.071
Nacional	02 Aragón	General	Index	2009QII	158.625
Nacional	02 Aragón	General	Index	2009QI	158.726
Nacional	02 Aragón	General	Index	2008QIV	164.638
Nacional	02 Aragón	General	Index	2008QIII	169.486
Nacional	02 Aragón	General	Index	2008QII	176.271
Nacional	02 Aragón	General	Index	2008QI	175.804
Nacional	02 Aragón	General	Index	2007QIV	176.458
Nacional	02 Aragón	General	Index	2007QIII	178.362
Nacional	02 Aragón	General	Index	2007QII	176.576
Nacional	02 Aragón	General	Index	2007QI	175.582
Nacional	03 Asturias, Principado de	General	Index	2025QIII	162.381
Nacional	03 Asturias, Principado de	General	Index	2025QII	158.852
Nacional	03 Asturias, Principado de	General	Index	2025QI	152.219
Nacional	03 Asturias, Principado de	General	Index	2024QIV	146.765
Nacional	03 Asturias, Principado de	General	Index	2024QIII	143.078
Nacional	03 Asturias, Principado de	General	Index	2024QII	139.913
Nacional	03 Asturias, Principado de	General	Index	2024QI	134.630
Nacional	03 Asturias, Principado de	General	Index	2023QIV	131.352
Nacional	03 Asturias, Principado de	General	Index	2023QIII	133.866
Nacional	03 Asturias, Principado de	General	Index	2023QII	130.306
Nacional	03 Asturias, Principado de	General	Index	2023QI	128.079
Nacional	03 Asturias, Principado de	General	Index	2022QIV	126.946
Nacional	03 Asturias, Principado de	General	Index	2022QIII	127.452
Nacional	03 Asturias, Principado de	General	Index	2022QII	126.693
Nacional	03 Asturias, Principado de	General	Index	2022QI	123.636
Nacional	03 Asturias, Principado de	General	Index	2021QIV	121.340
Nacional	03 Asturias, Principado de	General	Index	2021QIII	119.777
Nacional	03 Asturias, Principado de	General	Index	2021QII	118.855
Nacional	03 Asturias, Principado de	General	Index	2021QI	115.257
Nacional	03 Asturias, Principado de	General	Index	2020QIV	114.305
Nacional	03 Asturias, Principado de	General	Index	2020QIII	114.498
Nacional	03 Asturias, Principado de	General	Index	2020QII	114.686
Nacional	03 Asturias, Principado de	General	Index	2020QI	112.800
Nacional	03 Asturias, Principado de	General	Index	2019QIV	112.223
Nacional	03 Asturias, Principado de	General	Index	2019QIII	111.463
Nacional	03 Asturias, Principado de	General	Index	2019QII	110.472
Nacional	03 Asturias, Principado de	General	Index	2019QI	108.084
Nacional	03 Asturias, Principado de	General	Index	2018QIV	107.600
Nacional	03 Asturias, Principado de	General	Index	2018QIII	107.658
Nacional	03 Asturias, Principado de	General	Index	2018QII	105.095
Nacional	03 Asturias, Principado de	General	Index	2018QI	104.140
Nacional	03 Asturias, Principado de	General	Index	2017QIV	104.111
Nacional	03 Asturias, Principado de	General	Index	2017QIII	103.132
Nacional	03 Asturias, Principado de	General	Index	2017QII	100.953
Nacional	03 Asturias, Principado de	General	Index	2017QI	101.946
Nacional	03 Asturias, Principado de	General	Index	2016QIV	101.654
Nacional	03 Asturias, Principado de	General	Index	2016QIII	102.264
Nacional	03 Asturias, Principado de	General	Index	2016QII	101.217
Nacional	03 Asturias, Principado de	General	Index	2016QI	100.537
Nacional	03 Asturias, Principado de	General	Index	2015QIV	99.712
Nacional	03 Asturias, Principado de	General	Index	2015QIII	102.276
Nacional	03 Asturias, Principado de	General	Index	2015QII	100.503
Nacional	03 Asturias, Principado de	General	Index	2015QI	97.509
Nacional	03 Asturias, Principado de	General	Index	2014QIV	98.431
Nacional	03 Asturias, Principado de	General	Index	2014QIII	98.851
Nacional	03 Asturias, Principado de	General	Index	2014QII	99.566
Nacional	03 Asturias, Principado de	General	Index	2014QI	97.194
Nacional	03 Asturias, Principado de	General	Index	2013QIV	98.757
Nacional	03 Asturias, Principado de	General	Index	2013QIII	100.371
Nacional	03 Asturias, Principado de	General	Index	2013QII	101.586
Nacional	03 Asturias, Principado de	General	Index	2013QI	102.340
Nacional	03 Asturias, Principado de	General	Index	2012QIV	111.549
Nacional	03 Asturias, Principado de	General	Index	2012QIII	111.115
Nacional	03 Asturias, Principado de	General	Index	2012QII	116.298
Nacional	03 Asturias, Principado de	General	Index	2012QI	119.183
Nacional	03 Asturias, Principado de	General	Index	2011QIV	127.323
Nacional	03 Asturias, Principado de	General	Index	2011QIII	134.660
Nacional	03 Asturias, Principado de	General	Index	2011QII	135.693
Nacional	03 Asturias, Principado de	General	Index	2011QI	138.430
Nacional	03 Asturias, Principado de	General	Index	2010QIV	142.186
Nacional	03 Asturias, Principado de	General	Index	2010QIII	139.765
Nacional	03 Asturias, Principado de	General	Index	2010QII	144.669
Nacional	03 Asturias, Principado de	General	Index	2010QI	142.162
Nacional	03 Asturias, Principado de	General	Index	2009QIV	143.684
Nacional	03 Asturias, Principado de	General	Index	2009QIII	144.679
Nacional	03 Asturias, Principado de	General	Index	2009QII	144.351
Nacional	03 Asturias, Principado de	General	Index	2009QI	144.477
Nacional	03 Asturias, Principado de	General	Index	2008QIV	144.401
Nacional	03 Asturias, Principado de	General	Index	2008QIII	145.396
Nacional	03 Asturias, Principado de	General	Index	2008QII	145.714
Nacional	03 Asturias, Principado de	General	Index	2008QI	147.078
Nacional	03 Asturias, Principado de	General	Index	2007QIV	146.787
Nacional	03 Asturias, Principado de	General	Index	2007QIII	146.732
Nacional	03 Asturias, Principado de	General	Index	2007QII	143.559
Nacional	03 Asturias, Principado de	General	Index	2007QI	138.726
Nacional	04 Balears, Illes	General	Index	2025QIII	199.625
Nacional	04 Balears, Illes	General	Index	2025QII	192.349
Nacional	04 Balears, Illes	General	Index	2025QI	185.053
Nacional	04 Balears, Illes	General	Index	2024QIV	179.469
Nacional	04 Balears, Illes	General	Index	2024QIII	177.025
Nacional	04 Balears, Illes	General	Index	2024QII	172.207
Nacional	04 Balears, Illes	General	Index	2024QI	168.273
Nacional	04 Balears, Illes	General	Index	2023QIV	165.249
Nacional	04 Balears, Illes	General	Index	2023QIII	167.280
Nacional	04 Balears, Illes	General	Index	2023QII	162.183
Nacional	04 Balears, Illes	General	Index	2023QI	159.060
Nacional	04 Balears, Illes	General	Index	2022QIV	158.300
Nacional	04 Balears, Illes	General	Index	2022QIII	160.112
Nacional	04 Balears, Illes	General	Index	2022QII	157.098
Nacional	04 Balears, Illes	General	Index	2022QI	152.625
Nacional	04 Balears, Illes	General	Index	2021QIV	149.462
Nacional	04 Balears, Illes	General	Index	2021QIII	147.791
Nacional	04 Balears, Illes	General	Index	2021QII	141.694
Nacional	04 Balears, Illes	General	Index	2021QI	136.265
Nacional	04 Balears, Illes	General	Index	2020QIV	136.398
Nacional	04 Balears, Illes	General	Index	2020QIII	138.410
Nacional	04 Balears, Illes	General	Index	2020QII	134.061
Nacional	04 Balears, Illes	General	Index	2020QI	134.726
Nacional	04 Balears, Illes	General	Index	2019QIV	133.139
Nacional	04 Balears, Illes	General	Index	2019QIII	133.920
Nacional	04 Balears, Illes	General	Index	2019QII	128.181
Nacional	04 Balears, Illes	General	Index	2019QI	127.149
Nacional	04 Balears, Illes	General	Index	2018QIV	126.178
Nacional	04 Balears, Illes	General	Index	2018QIII	126.301
Nacional	04 Balears, Illes	General	Index	2018QII	121.782
Nacional	04 Balears, Illes	General	Index	2018QI	118.479
Nacional	04 Balears, Illes	General	Index	2017QIV	118.636
Nacional	04 Balears, Illes	General	Index	2017QIII	118.005
Nacional	04 Balears, Illes	General	Index	2017QII	112.337
Nacional	04 Balears, Illes	General	Index	2017QI	109.530
Nacional	04 Balears, Illes	General	Index	2016QIV	108.090
Nacional	04 Balears, Illes	General	Index	2016QIII	108.189
Nacional	04 Balears, Illes	General	Index	2016QII	104.630
Nacional	04 Balears, Illes	General	Index	2016QI	103.795
Nacional	04 Balears, Illes	General	Index	2015QIV	102.261
Nacional	04 Balears, Illes	General	Index	2015QIII	102.692
Nacional	04 Balears, Illes	General	Index	2015QII	99.624
Nacional	04 Balears, Illes	General	Index	2015QI	95.424
Nacional	04 Balears, Illes	General	Index	2014QIV	95.569
Nacional	04 Balears, Illes	General	Index	2014QIII	94.725
Nacional	04 Balears, Illes	General	Index	2014QII	92.815
Nacional	04 Balears, Illes	General	Index	2014QI	92.840
Nacional	04 Balears, Illes	General	Index	2013QIV	94.876
Nacional	04 Balears, Illes	General	Index	2013QIII	94.286
Nacional	04 Balears, Illes	General	Index	2013QII	92.472
Nacional	04 Balears, Illes	General	Index	2013QI	92.688
Nacional	04 Balears, Illes	General	Index	2012QIV	98.472
Nacional	04 Balears, Illes	General	Index	2012QIII	100.069
Nacional	04 Balears, Illes	General	Index	2012QII	101.737
Nacional	04 Balears, Illes	General	Index	2012QI	102.879
Nacional	04 Balears, Illes	General	Index	2011QIV	111.130
Nacional	04 Balears, Illes	General	Index	2011QIII	116.348
Nacional	04 Balears, Illes	General	Index	2011QII	119.621
Nacional	04 Balears, Illes	General	Index	2011QI	120.820
Nacional	04 Balears, Illes	General	Index	2010QIV	123.202
Nacional	04 Balears, Illes	General	Index	2010QIII	122.719
Nacional	04 Balears, Illes	General	Index	2010QII	124.473
Nacional	04 Balears, Illes	General	Index	2010QI	124.524
Nacional	04 Balears, Illes	General	Index	2009QIV	124.886
Nacional	04 Balears, Illes	General	Index	2009QIII	125.190
Nacional	04 Balears, Illes	General	Index	2009QII	127.041
Nacional	04 Balears, Illes	General	Index	2009QI	127.995
Nacional	04 Balears, Illes	General	Index	2008QIV	132.299
Nacional	04 Balears, Illes	General	Index	2008QIII	137.833
Nacional	04 Balears, Illes	General	Index	2008QII	140.641
Nacional	04 Balears, Illes	General	Index	2008QI	139.331
Nacional	04 Balears, Illes	General	Index	2007QIV	141.156
Nacional	04 Balears, Illes	General	Index	2007QIII	141.550
Nacional	04 Balears, Illes	General	Index	2007QII	138.926
Nacional	04 Balears, Illes	General	Index	2007QI	134.284
Nacional	05 Canarias	General	Index	2025QIII	177.382
Nacional	05 Canarias	General	Index	2025QII	173.589
Nacional	05 Canarias	General	Index	2025QI	168.596
Nacional	05 Canarias	General	Index	2024QIV	160.865
Nacional	05 Canarias	General	Index	2024QIII	158.063
Nacional	05 Canarias	General	Index	2024QII	155.476
Nacional	05 Canarias	General	Index	2024QI	149.974
Nacional	05 Canarias	General	Index	2023QIV	145.446
Nacional	05 Canarias	General	Index	2023QIII	147.573
Nacional	05 Canarias	General	Index	2023QII	143.283
Nacional	05 Canarias	General	Index	2023QI	141.738
Nacional	05 Canarias	General	Index	2022QIV	139.123
Nacional	05 Canarias	General	Index	2022QIII	138.435
Nacional	05 Canarias	General	Index	2022QII	137.058
Nacional	05 Canarias	General	Index	2022QI	134.345
Nacional	05 Canarias	General	Index	2021QIV	128.649
Nacional	05 Canarias	General	Index	2021QIII	128.119
Nacional	05 Canarias	General	Index	2021QII	125.239
Nacional	05 Canarias	General	Index	2021QI	121.160
Nacional	05 Canarias	General	Index	2020QIV	119.330
Nacional	05 Canarias	General	Index	2020QIII	119.790
Nacional	05 Canarias	General	Index	2020QII	117.712
Nacional	05 Canarias	General	Index	2020QI	119.008
Nacional	05 Canarias	General	Index	2019QIV	118.344
Nacional	05 Canarias	General	Index	2019QIII	118.096
Nacional	05 Canarias	General	Index	2019QII	116.974
Nacional	05 Canarias	General	Index	2019QI	116.934
Nacional	05 Canarias	General	Index	2018QIV	114.839
Nacional	05 Canarias	General	Index	2018QIII	113.772
Nacional	05 Canarias	General	Index	2018QII	113.327
Nacional	05 Canarias	General	Index	2018QI	111.167
Nacional	05 Canarias	General	Index	2017QIV	110.270
Nacional	05 Canarias	General	Index	2017QIII	107.978
Nacional	05 Canarias	General	Index	2017QII	106.971
Nacional	05 Canarias	General	Index	2017QI	106.334
Nacional	05 Canarias	General	Index	2016QIV	103.994
Nacional	05 Canarias	General	Index	2016QIII	103.321
Nacional	05 Canarias	General	Index	2016QII	103.263
Nacional	05 Canarias	General	Index	2016QI	102.797
Nacional	05 Canarias	General	Index	2015QIV	100.637
Nacional	05 Canarias	General	Index	2015QIII	100.937
Nacional	05 Canarias	General	Index	2015QII	101.338
Nacional	05 Canarias	General	Index	2015QI	97.087
Nacional	05 Canarias	General	Index	2014QIV	97.117
Nacional	05 Canarias	General	Index	2014QIII	96.716
Nacional	05 Canarias	General	Index	2014QII	97.829
Nacional	05 Canarias	General	Index	2014QI	95.181
Nacional	05 Canarias	General	Index	2013QIV	96.606
Nacional	05 Canarias	General	Index	2013QIII	97.316
Nacional	05 Canarias	General	Index	2013QII	98.051
Nacional	05 Canarias	General	Index	2013QI	99.840
Nacional	05 Canarias	General	Index	2012QIV	103.660
Nacional	05 Canarias	General	Index	2012QIII	103.315
Nacional	05 Canarias	General	Index	2012QII	108.044
Nacional	05 Canarias	General	Index	2012QI	113.675
Nacional	05 Canarias	General	Index	2011QIV	119.605
Nacional	05 Canarias	General	Index	2011QIII	121.593
Nacional	05 Canarias	General	Index	2011QII	126.088
Nacional	05 Canarias	General	Index	2011QI	127.156
Nacional	05 Canarias	General	Index	2010QIV	129.540
Nacional	05 Canarias	General	Index	2010QIII	130.380
Nacional	05 Canarias	General	Index	2010QII	132.972
Nacional	05 Canarias	General	Index	2010QI	131.541
Nacional	05 Canarias	General	Index	2009QIV	133.802
Nacional	05 Canarias	General	Index	2009QIII	134.275
Nacional	05 Canarias	General	Index	2009QII	134.569
Nacional	05 Canarias	General	Index	2009QI	135.116
Nacional	05 Canarias	General	Index	2008QIV	137.190
Nacional	05 Canarias	General	Index	2008QIII	140.081
Nacional	05 Canarias	General	Index	2008QII	140.650
Nacional	05 Canarias	General	Index	2008QI	141.207
Nacional	05 Canarias	General	Index	2007QIV	140.620
Nacional	05 Canarias	General	Index	2007QIII	139.186
Nacional	05 Canarias	General	Index	2007QII	136.815
Nacional	05 Canarias	General	Index	2007QI	132.560
Nacional	06 Cantabria	General	Index	2025QIII	179.330
Nacional	06 Cantabria	General	Index	2025QII	171.527
Nacional	06 Cantabria	General	Index	2025QI	165.005
Nacional	06 Cantabria	General	Index	2024QIV	161.488
Nacional	06 Cantabria	General	Index	2024QIII	159.264
Nacional	06 Cantabria	General	Index	2024QII	154.782
Nacional	06 Cantabria	General	Index	2024QI	149.716
Nacional	06 Cantabria	General	Index	2023QIV	144.492
Nacional	06 Cantabria	General	Index	2023QIII	146.299
Nacional	06 Cantabria	General	Index	2023QII	142.467
Nacional	06 Cantabria	General	Index	2023QI	140.174
Nacional	06 Cantabria	General	Index	2022QIV	138.485
Nacional	06 Cantabria	General	Index	2022QIII	138.120
Nacional	06 Cantabria	General	Index	2022QII	136.007
Nacional	06 Cantabria	General	Index	2022QI	132.760
Nacional	06 Cantabria	General	Index	2021QIV	127.541
Nacional	06 Cantabria	General	Index	2021QIII	126.327
Nacional	06 Cantabria	General	Index	2021QII	123.708
Nacional	06 Cantabria	General	Index	2021QI	119.634
Nacional	06 Cantabria	General	Index	2020QIV	118.424
Nacional	06 Cantabria	General	Index	2020QIII	118.200
Nacional	06 Cantabria	General	Index	2020QII	117.457
Nacional	06 Cantabria	General	Index	2020QI	117.236
Nacional	06 Cantabria	General	Index	2019QIV	117.029
Nacional	06 Cantabria	General	Index	2019QIII	116.593
Nacional	06 Cantabria	General	Index	2019QII	115.962
Nacional	06 Cantabria	General	Index	2019QI	116.109
Nacional	06 Cantabria	General	Index	2018QIV	114.568
Nacional	06 Cantabria	General	Index	2018QIII	113.896
Nacional	06 Cantabria	General	Index	2018QII	113.437
Nacional	06 Cantabria	General	Index	2018QI	109.851
Nacional	06 Cantabria	General	Index	2017QIV	107.841
Nacional	06 Cantabria	General	Index	2017QIII	107.781
Nacional	06 Cantabria	General	Index	2017QII	107.221
Nacional	06 Cantabria	General	Index	2017QI	103.888
Nacional	06 Cantabria	General	Index	2016QIV	103.263
Nacional	06 Cantabria	General	Index	2016QIII	103.053
Nacional	06 Cantabria	General	Index	2016QII	102.975
Nacional	06 Cantabria	General	Index	2016QI	100.898
Nacional	06 Cantabria	General	Index	2015QIV	100.895
Nacional	06 Cantabria	General	Index	2015QIII	102.302
Nacional	06 Cantabria	General	Index	2015QII	100.838
Nacional	06 Cantabria	General	Index	2015QI	95.965
Nacional	06 Cantabria	General	Index	2014QIV	98.946
Nacional	06 Cantabria	General	Index	2014QIII	97.639
Nacional	06 Cantabria	General	Index	2014QII	95.972
Nacional	06 Cantabria	General	Index	2014QI	96.287
Nacional	06 Cantabria	General	Index	2013QIV	97.239
Nacional	06 Cantabria	General	Index	2013QIII	95.759
Nacional	06 Cantabria	General	Index	2013QII	94.295
Nacional	06 Cantabria	General	Index	2013QI	94.951
Nacional	06 Cantabria	General	Index	2012QIV	101.888
Nacional	06 Cantabria	General	Index	2012QIII	101.172
Nacional	06 Cantabria	General	Index	2012QII	106.215
Nacional	06 Cantabria	General	Index	2012QI	111.154
Nacional	06 Cantabria	General	Index	2011QIV	116.713
Nacional	06 Cantabria	General	Index	2011QIII	119.977
Nacional	06 Cantabria	General	Index	2011QII	124.981
Nacional	06 Cantabria	General	Index	2011QI	127.916
Nacional	06 Cantabria	General	Index	2010QIV	132.007
Nacional	06 Cantabria	General	Index	2010QIII	133.693
Nacional	06 Cantabria	General	Index	2010QII	137.628
Nacional	06 Cantabria	General	Index	2010QI	136.215
Nacional	06 Cantabria	General	Index	2009QIV	142.188
Nacional	06 Cantabria	General	Index	2009QIII	143.291
Nacional	06 Cantabria	General	Index	2009QII	143.772
Nacional	06 Cantabria	General	Index	2009QI	144.775
Nacional	06 Cantabria	General	Index	2008QIV	151.289
Nacional	06 Cantabria	General	Index	2008QIII	153.390
Nacional	06 Cantabria	General	Index	2008QII	155.220
Nacional	06 Cantabria	General	Index	2008QI	156.021
Nacional	06 Cantabria	General	Index	2007QIV	155.296
Nacional	06 Cantabria	General	Index	2007QIII	153.597
Nacional	06 Cantabria	General	Index	2007QII	151.655
Nacional	06 Cantabria	General	Index	2007QI	147.993
Nacional	07 Castilla y León	General	Index	2025QIII	162.037
Nacional	07 Castilla y León	General	Index	2025QII	157.423
Nacional	07 Castilla y León	General	Index	2025QI	150.790
Nacional	07 Castilla y León	General	Index	2024QIV	144.488
Nacional	07 Castilla y León	General	Index	2024QIII	141.613
Nacional	07 Castilla y León	General	Index	2024QII	138.609
Nacional	07 Castilla y León	General	Index	2024QI	134.114
Nacional	07 Castilla y León	General	Index	2023QIV	130.679
Nacional	07 Castilla y León	General	Index	2023QIII	131.138
Nacional	07 Castilla y León	General	Index	2023QII	129.698
Nacional	07 Castilla y León	General	Index	2023QI	126.637
Nacional	07 Castilla y León	General	Index	2022QIV	126.291
Nacional	07 Castilla y León	General	Index	2022QIII	127.999
Nacional	07 Castilla y León	General	Index	2022QII	126.114
Nacional	07 Castilla y León	General	Index	2022QI	123.547
Nacional	07 Castilla y León	General	Index	2021QIV	121.361
Nacional	07 Castilla y León	General	Index	2021QIII	120.120
Nacional	07 Castilla y León	General	Index	2021QII	118.515
Nacional	07 Castilla y León	General	Index	2021QI	115.202
Nacional	07 Castilla y León	General	Index	2020QIV	115.164
Nacional	07 Castilla y León	General	Index	2020QIII	115.243
Nacional	07 Castilla y León	General	Index	2020QII	115.509
Nacional	07 Castilla y León	General	Index	2020QI	112.962
Nacional	07 Castilla y León	General	Index	2019QIV	113.657
Nacional	07 Castilla y León	General	Index	2019QIII	112.732
Nacional	07 Castilla y León	General	Index	2019QII	112.193
Nacional	07 Castilla y León	General	Index	2019QI	109.751
Nacional	07 Castilla y León	General	Index	2018QIV	108.253
Nacional	07 Castilla y León	General	Index	2018QIII	108.329
Nacional	07 Castilla y León	General	Index	2018QII	106.521
Nacional	07 Castilla y León	General	Index	2018QI	104.579
Nacional	07 Castilla y León	General	Index	2017QIV	103.363
Nacional	07 Castilla y León	General	Index	2017QIII	102.494
Nacional	07 Castilla y León	General	Index	2017QII	102.645
Nacional	07 Castilla y León	General	Index	2017QI	102.339
Nacional	07 Castilla y León	General	Index	2016QIV	101.056
Nacional	07 Castilla y León	General	Index	2016QIII	101.419
Nacional	07 Castilla y León	General	Index	2016QII	101.504
Nacional	07 Castilla y León	General	Index	2016QI	100.247
Nacional	07 Castilla y León	General	Index	2015QIV	100.280
Nacional	07 Castilla y León	General	Index	2015QIII	100.230
Nacional	07 Castilla y León	General	Index	2015QII	100.950
Nacional	07 Castilla y León	General	Index	2015QI	98.540
Nacional	07 Castilla y León	General	Index	2014QIV	99.349
Nacional	07 Castilla y León	General	Index	2014QIII	98.509
Nacional	07 Castilla y León	General	Index	2014QII	99.529
Nacional	07 Castilla y León	General	Index	2014QI	97.711
Nacional	07 Castilla y León	General	Index	2013QIV	98.528
Nacional	07 Castilla y León	General	Index	2013QIII	101.331
Nacional	07 Castilla y León	General	Index	2013QII	101.460
Nacional	07 Castilla y León	General	Index	2013QI	103.543
Nacional	07 Castilla y León	General	Index	2012QIV	113.533
Nacional	07 Castilla y León	General	Index	2012QIII	114.622
Nacional	07 Castilla y León	General	Index	2012QII	119.053
Nacional	07 Castilla y León	General	Index	2012QI	124.211
Nacional	07 Castilla y León	General	Index	2011QIV	129.587
Nacional	07 Castilla y León	General	Index	2011QIII	136.330
Nacional	07 Castilla y León	General	Index	2011QII	138.492
Nacional	07 Castilla y León	General	Index	2011QI	138.792
Nacional	07 Castilla y León	General	Index	2010QIV	144.755
Nacional	07 Castilla y León	General	Index	2010QIII	143.193
Nacional	07 Castilla y León	General	Index	2010QII	147.404
Nacional	07 Castilla y León	General	Index	2010QI	143.812
Nacional	07 Castilla y León	General	Index	2009QIV	146.719
Nacional	07 Castilla y León	General	Index	2009QIII	148.464
Nacional	07 Castilla y León	General	Index	2009QII	150.232
Nacional	07 Castilla y León	General	Index	2009QI	150.169
Nacional	07 Castilla y León	General	Index	2008QIV	150.524
Nacional	07 Castilla y León	General	Index	2008QIII	152.235
Nacional	07 Castilla y León	General	Index	2008QII	153.905
Nacional	07 Castilla y León	General	Index	2008QI	155.332
Nacional	07 Castilla y León	General	Index	2007QIV	154.401
Nacional	07 Castilla y León	General	Index	2007QIII	151.760
Nacional	07 Castilla y León	General	Index	2007QII	148.470
Nacional	07 Castilla y León	General	Index	2007QI	144.624
Nacional	08 Castilla - La Mancha	General	Index	2025QIII	145.063
Nacional	08 Castilla - La Mancha	General	Index	2025QII	141.709
Nacional	08 Castilla - La Mancha	General	Index	2025QI	136.159
Nacional	08 Castilla - La Mancha	General	Index	2024QIV	131.455
Nacional	08 Castilla - La Mancha	General	Index	2024QIII	129.997
Nacional	08 Castilla - La Mancha	General	Index	2024QII	127.322
Nacional	08 Castilla - La Mancha	General	Index	2024QI	123.353
Nacional	08 Castilla - La Mancha	General	Index	2023QIV	120.963
Nacional	08 Castilla - La Mancha	General	Index	2023QIII	121.611
Nacional	08 Castilla - La Mancha	General	Index	2023QII	120.939
Nacional	08 Castilla - La Mancha	General	Index	2023QI	117.560
Nacional	08 Castilla - La Mancha	General	Index	2022QIV	118.496
Nacional	08 Castilla - La Mancha	General	Index	2022QIII	120.366
Nacional	08 Castilla - La Mancha	General	Index	2022QII	118.588
Nacional	08 Castilla - La Mancha	General	Index	2022QI	115.686
Nacional	08 Castilla - La Mancha	General	Index	2021QIV	113.907
Nacional	08 Castilla - La Mancha	General	Index	2021QIII	112.940
Nacional	08 Castilla - La Mancha	General	Index	2021QII	111.840
Nacional	08 Castilla - La Mancha	General	Index	2021QI	107.989
Nacional	08 Castilla - La Mancha	General	Index	2020QIV	109.532
Nacional	08 Castilla - La Mancha	General	Index	2020QIII	109.655
Nacional	08 Castilla - La Mancha	General	Index	2020QII	109.242
Nacional	08 Castilla - La Mancha	General	Index	2020QI	107.689
Nacional	08 Castilla - La Mancha	General	Index	2019QIV	108.241
Nacional	08 Castilla - La Mancha	General	Index	2019QIII	108.160
Nacional	08 Castilla - La Mancha	General	Index	2019QII	107.576
Nacional	08 Castilla - La Mancha	General	Index	2019QI	106.595
Nacional	08 Castilla - La Mancha	General	Index	2018QIV	105.067
Nacional	08 Castilla - La Mancha	General	Index	2018QIII	104.912
Nacional	08 Castilla - La Mancha	General	Index	2018QII	103.544
Nacional	08 Castilla - La Mancha	General	Index	2018QI	102.378
Nacional	08 Castilla - La Mancha	General	Index	2017QIV	100.939
Nacional	08 Castilla - La Mancha	General	Index	2017QIII	101.655
Nacional	08 Castilla - La Mancha	General	Index	2017QII	102.039
Nacional	08 Castilla - La Mancha	General	Index	2017QI	101.696
Nacional	08 Castilla - La Mancha	General	Index	2016QIV	100.508
Nacional	08 Castilla - La Mancha	General	Index	2016QIII	101.482
Nacional	08 Castilla - La Mancha	General	Index	2016QII	101.273
Nacional	08 Castilla - La Mancha	General	Index	2016QI	100.087
Nacional	08 Castilla - La Mancha	General	Index	2015QIV	100.497
Nacional	08 Castilla - La Mancha	General	Index	2015QIII	100.191
Nacional	08 Castilla - La Mancha	General	Index	2015QII	100.683
Nacional	08 Castilla - La Mancha	General	Index	2015QI	98.629
Nacional	08 Castilla - La Mancha	General	Index	2014QIV	98.392
Nacional	08 Castilla - La Mancha	General	Index	2014QIII	97.270
Nacional	08 Castilla - La Mancha	General	Index	2014QII	98.856
Nacional	08 Castilla - La Mancha	General	Index	2014QI	96.864
Nacional	08 Castilla - La Mancha	General	Index	2013QIV	97.994
Nacional	08 Castilla - La Mancha	General	Index	2013QIII	100.517
Nacional	08 Castilla - La Mancha	General	Index	2013QII	100.477
Nacional	08 Castilla - La Mancha	General	Index	2013QI	103.094
Nacional	08 Castilla - La Mancha	General	Index	2012QIV	115.185
Nacional	08 Castilla - La Mancha	General	Index	2012QIII	115.386
Nacional	08 Castilla - La Mancha	General	Index	2012QII	119.785
Nacional	08 Castilla - La Mancha	General	Index	2012QI	123.417
Nacional	08 Castilla - La Mancha	General	Index	2011QIV	129.704
Nacional	08 Castilla - La Mancha	General	Index	2011QIII	133.805
Nacional	08 Castilla - La Mancha	General	Index	2011QII	135.457
Nacional	08 Castilla - La Mancha	General	Index	2011QI	136.817
Nacional	08 Castilla - La Mancha	General	Index	2010QIV	142.289
Nacional	08 Castilla - La Mancha	General	Index	2010QIII	141.066
Nacional	08 Castilla - La Mancha	General	Index	2010QII	146.121
Nacional	08 Castilla - La Mancha	General	Index	2010QI	143.071
Nacional	08 Castilla - La Mancha	General	Index	2009QIV	143.468
Nacional	08 Castilla - La Mancha	General	Index	2009QIII	144.502
Nacional	08 Castilla - La Mancha	General	Index	2009QII	145.479
Nacional	08 Castilla - La Mancha	General	Index	2009QI	145.630
Nacional	08 Castilla - La Mancha	General	Index	2008QIV	146.557
Nacional	08 Castilla - La Mancha	General	Index	2008QIII	150.271
Nacional	08 Castilla - La Mancha	General	Index	2008QII	150.768
Nacional	08 Castilla - La Mancha	General	Index	2008QI	149.291
Nacional	08 Castilla - La Mancha	General	Index	2007QIV	148.855
Nacional	08 Castilla - La Mancha	General	Index	2007QIII	148.263
Nacional	08 Castilla - La Mancha	General	Index	2007QII	145.683
Nacional	08 Castilla - La Mancha	General	Index	2007QI	142.158
Nacional	09 Cataluńa	General	Index	2025QIII	190.561
Nacional	09 Cataluńa	General	Index	2025QII	185.881
Nacional	09 Cataluńa	General	Index	2025QI	180.959
Nacional	09 Cataluńa	General	Index	2024QIV	174.491
Nacional	09 Cataluńa	General	Index	2024QIII	171.230
Nacional	09 Cataluńa	General	Index	2024QII	166.573
Nacional	09 Cataluńa	General	Index	2024QI	162.075
Nacional	09 Cataluńa	General	Index	2023QIV	158.037
Nacional	09 Cataluńa	General	Index	2023QIII	160.395
Nacional	09 Cataluńa	General	Index	2023QII	156.147
Nacional	09 Cataluńa	General	Index	2023QI	153.461
Nacional	09 Cataluńa	General	Index	2022QIV	152.647
Nacional	09 Cataluńa	General	Index	2022QIII	154.552
Nacional	09 Cataluńa	General	Index	2022QII	151.314
Nacional	09 Cataluńa	General	Index	2022QI	148.291
Nacional	09 Cataluńa	General	Index	2021QIV	144.743
Nacional	09 Cataluńa	General	Index	2021QIII	142.940
Nacional	09 Cataluńa	General	Index	2021QII	141.133
Nacional	09 Cataluńa	General	Index	2021QI	137.675
Nacional	09 Cataluńa	General	Index	2020QIV	136.461
Nacional	09 Cataluńa	General	Index	2020QIII	138.395
Nacional	09 Cataluńa	General	Index	2020QII	136.693
Nacional	09 Cataluńa	General	Index	2020QI	136.020
Nacional	09 Cataluńa	General	Index	2019QIV	135.113
Nacional	09 Cataluńa	General	Index	2019QIII	136.037
Nacional	09 Cataluńa	General	Index	2019QII	133.590
Nacional	09 Cataluńa	General	Index	2019QI	131.836
Nacional	09 Cataluńa	General	Index	2018QIV	130.708
Nacional	09 Cataluńa	General	Index	2018QIII	129.967
Nacional	09 Cataluńa	General	Index	2018QII	127.004
Nacional	09 Cataluńa	General	Index	2018QI	122.514
Nacional	09 Cataluńa	General	Index	2017QIV	120.858
Nacional	09 Cataluńa	General	Index	2017QIII	119.167
Nacional	09 Cataluńa	General	Index	2017QII	116.165
Nacional	09 Cataluńa	General	Index	2017QI	112.848
Nacional	09 Cataluńa	General	Index	2016QIV	109.666
Nacional	09 Cataluńa	General	Index	2016QIII	108.383
Nacional	09 Cataluńa	General	Index	2016QII	106.291
Nacional	09 Cataluńa	General	Index	2016QI	103.741
Nacional	09 Cataluńa	General	Index	2015QIV	102.068
Nacional	09 Cataluńa	General	Index	2015QIII	101.643
Nacional	09 Cataluńa	General	Index	2015QII	100.740
Nacional	09 Cataluńa	General	Index	2015QI	95.549
Nacional	09 Cataluńa	General	Index	2014QIV	96.421
Nacional	09 Cataluńa	General	Index	2014QIII	95.813
Nacional	09 Cataluńa	General	Index	2014QII	95.514
Nacional	09 Cataluńa	General	Index	2014QI	93.836
Nacional	09 Cataluńa	General	Index	2013QIV	94.327
Nacional	09 Cataluńa	General	Index	2013QIII	94.755
Nacional	09 Cataluńa	General	Index	2013QII	94.031
Nacional	09 Cataluńa	General	Index	2013QI	94.236
Nacional	09 Cataluńa	General	Index	2012QIV	101.632
Nacional	09 Cataluńa	General	Index	2012QIII	103.095
Nacional	09 Cataluńa	General	Index	2012QII	108.557
Nacional	09 Cataluńa	General	Index	2012QI	112.769
Nacional	09 Cataluńa	General	Index	2011QIV	118.615
Nacional	09 Cataluńa	General	Index	2011QIII	124.828
Nacional	09 Cataluńa	General	Index	2011QII	130.068
Nacional	09 Cataluńa	General	Index	2011QI	132.578
Nacional	09 Cataluńa	General	Index	2010QIV	138.422
Nacional	09 Cataluńa	General	Index	2010QIII	139.219
Nacional	09 Cataluńa	General	Index	2010QII	141.694
Nacional	09 Cataluńa	General	Index	2010QI	140.235
Nacional	09 Cataluńa	General	Index	2009QIV	142.339
Nacional	09 Cataluńa	General	Index	2009QIII	142.467
Nacional	09 Cataluńa	General	Index	2009QII	144.561
Nacional	09 Cataluńa	General	Index	2009QI	145.496
Nacional	09 Cataluńa	General	Index	2008QIV	153.096
Nacional	09 Cataluńa	General	Index	2008QIII	160.411
Nacional	09 Cataluńa	General	Index	2008QII	166.667
Nacional	09 Cataluńa	General	Index	2008QI	168.620
Nacional	09 Cataluńa	General	Index	2007QIV	170.591
Nacional	09 Cataluńa	General	Index	2007QIII	174.880
Nacional	09 Cataluńa	General	Index	2007QII	175.835
Nacional	09 Cataluńa	General	Index	2007QI	170.691
Nacional	10 Comunitat Valenciana	General	Index	2025QIII	170.956
Nacional	10 Comunitat Valenciana	General	Index	2025QII	165.435
Nacional	10 Comunitat Valenciana	General	Index	2025QI	158.202
Nacional	10 Comunitat Valenciana	General	Index	2024QIV	154.122
Nacional	10 Comunitat Valenciana	General	Index	2024QIII	151.002
Nacional	10 Comunitat Valenciana	General	Index	2024QII	146.950
Nacional	10 Comunitat Valenciana	General	Index	2024QI	140.857
Nacional	10 Comunitat Valenciana	General	Index	2023QIV	137.366
Nacional	10 Comunitat Valenciana	General	Index	2023QIII	138.773
Nacional	10 Comunitat Valenciana	General	Index	2023QII	135.280
Nacional	10 Comunitat Valenciana	General	Index	2023QI	132.264
Nacional	10 Comunitat Valenciana	General	Index	2022QIV	131.774
Nacional	10 Comunitat Valenciana	General	Index	2022QIII	132.058
Nacional	10 Comunitat Valenciana	General	Index	2022QII	130.746
Nacional	10 Comunitat Valenciana	General	Index	2022QI	127.966
Nacional	10 Comunitat Valenciana	General	Index	2021QIV	125.433
Nacional	10 Comunitat Valenciana	General	Index	2021QIII	123.520
Nacional	10 Comunitat Valenciana	General	Index	2021QII	121.046
Nacional	10 Comunitat Valenciana	General	Index	2021QI	117.465
Nacional	10 Comunitat Valenciana	General	Index	2020QIV	117.481
Nacional	10 Comunitat Valenciana	General	Index	2020QIII	117.677
Nacional	10 Comunitat Valenciana	General	Index	2020QII	116.038
Nacional	10 Comunitat Valenciana	General	Index	2020QI	116.059
Nacional	10 Comunitat Valenciana	General	Index	2019QIV	115.562
Nacional	10 Comunitat Valenciana	General	Index	2019QIII	115.325
Nacional	10 Comunitat Valenciana	General	Index	2019QII	114.209
Nacional	10 Comunitat Valenciana	General	Index	2019QI	112.128
Nacional	10 Comunitat Valenciana	General	Index	2018QIV	111.364
Nacional	10 Comunitat Valenciana	General	Index	2018QIII	110.662
Nacional	10 Comunitat Valenciana	General	Index	2018QII	109.036
Nacional	10 Comunitat Valenciana	General	Index	2018QI	107.643
Nacional	10 Comunitat Valenciana	General	Index	2017QIV	106.925
Nacional	10 Comunitat Valenciana	General	Index	2017QIII	105.721
Nacional	10 Comunitat Valenciana	General	Index	2017QII	104.811
Nacional	10 Comunitat Valenciana	General	Index	2017QI	104.081
Nacional	10 Comunitat Valenciana	General	Index	2016QIV	102.668
Nacional	10 Comunitat Valenciana	General	Index	2016QIII	102.700
Nacional	10 Comunitat Valenciana	General	Index	2016QII	102.913
Nacional	10 Comunitat Valenciana	General	Index	2016QI	102.167
Nacional	10 Comunitat Valenciana	General	Index	2015QIV	100.918
Nacional	10 Comunitat Valenciana	General	Index	2015QIII	100.800
Nacional	10 Comunitat Valenciana	General	Index	2015QII	101.074
Nacional	10 Comunitat Valenciana	General	Index	2015QI	97.208
Nacional	10 Comunitat Valenciana	General	Index	2014QIV	98.015
Nacional	10 Comunitat Valenciana	General	Index	2014QIII	98.762
Nacional	10 Comunitat Valenciana	General	Index	2014QII	98.408
Nacional	10 Comunitat Valenciana	General	Index	2014QI	95.453
Nacional	10 Comunitat Valenciana	General	Index	2013QIV	95.391
Nacional	10 Comunitat Valenciana	General	Index	2013QIII	97.859
Nacional	10 Comunitat Valenciana	General	Index	2013QII	96.157
Nacional	10 Comunitat Valenciana	General	Index	2013QI	97.954
Nacional	10 Comunitat Valenciana	General	Index	2012QIV	101.888
Nacional	10 Comunitat Valenciana	General	Index	2012QIII	104.218
Nacional	10 Comunitat Valenciana	General	Index	2012QII	107.770
Nacional	10 Comunitat Valenciana	General	Index	2012QI	111.900
Nacional	10 Comunitat Valenciana	General	Index	2011QIV	118.460
Nacional	10 Comunitat Valenciana	General	Index	2011QIII	121.236
Nacional	10 Comunitat Valenciana	General	Index	2011QII	125.625
Nacional	10 Comunitat Valenciana	General	Index	2011QI	127.294
Nacional	10 Comunitat Valenciana	General	Index	2010QIV	131.259
Nacional	10 Comunitat Valenciana	General	Index	2010QIII	132.307
Nacional	10 Comunitat Valenciana	General	Index	2010QII	135.343
Nacional	10 Comunitat Valenciana	General	Index	2010QI	133.170
Nacional	10 Comunitat Valenciana	General	Index	2009QIV	135.781
Nacional	10 Comunitat Valenciana	General	Index	2009QIII	136.444
Nacional	10 Comunitat Valenciana	General	Index	2009QII	138.074
Nacional	10 Comunitat Valenciana	General	Index	2009QI	138.894
Nacional	10 Comunitat Valenciana	General	Index	2008QIV	142.711
Nacional	10 Comunitat Valenciana	General	Index	2008QIII	145.333
Nacional	10 Comunitat Valenciana	General	Index	2008QII	146.262
Nacional	10 Comunitat Valenciana	General	Index	2008QI	146.519
Nacional	10 Comunitat Valenciana	General	Index	2007QIV	145.844
Nacional	10 Comunitat Valenciana	General	Index	2007QIII	144.180
Nacional	10 Comunitat Valenciana	General	Index	2007QII	141.929
Nacional	10 Comunitat Valenciana	General	Index	2007QI	137.102
Nacional	11 Extremadura	General	Index	2025QIII	143.251
Nacional	11 Extremadura	General	Index	2025QII	139.216
Nacional	11 Extremadura	General	Index	2025QI	133.037
Nacional	11 Extremadura	General	Index	2024QIV	128.070
Nacional	11 Extremadura	General	Index	2024QIII	127.293
Nacional	11 Extremadura	General	Index	2024QII	124.125
Nacional	11 Extremadura	General	Index	2024QI	119.938
Nacional	11 Extremadura	General	Index	2023QIV	117.381
Nacional	11 Extremadura	General	Index	2023QIII	117.644
Nacional	11 Extremadura	General	Index	2023QII	116.912
Nacional	11 Extremadura	General	Index	2023QI	113.518
Nacional	11 Extremadura	General	Index	2022QIV	114.850
Nacional	11 Extremadura	General	Index	2022QIII	116.414
Nacional	11 Extremadura	General	Index	2022QII	114.871
Nacional	11 Extremadura	General	Index	2022QI	112.312
Nacional	11 Extremadura	General	Index	2021QIV	111.719
Nacional	11 Extremadura	General	Index	2021QIII	109.277
Nacional	11 Extremadura	General	Index	2021QII	109.052
Nacional	11 Extremadura	General	Index	2021QI	105.038
Nacional	11 Extremadura	General	Index	2020QIV	106.508
Nacional	11 Extremadura	General	Index	2020QIII	106.236
Nacional	11 Extremadura	General	Index	2020QII	107.257
Nacional	11 Extremadura	General	Index	2020QI	105.234
Nacional	11 Extremadura	General	Index	2019QIV	106.046
Nacional	11 Extremadura	General	Index	2019QIII	106.237
Nacional	11 Extremadura	General	Index	2019QII	105.896
Nacional	11 Extremadura	General	Index	2019QI	104.880
Nacional	11 Extremadura	General	Index	2018QIV	103.768
Nacional	11 Extremadura	General	Index	2018QIII	104.670
Nacional	11 Extremadura	General	Index	2018QII	104.122
Nacional	11 Extremadura	General	Index	2018QI	102.388
Nacional	11 Extremadura	General	Index	2017QIV	101.075
Nacional	11 Extremadura	General	Index	2017QIII	102.398
Nacional	11 Extremadura	General	Index	2017QII	101.886
Nacional	11 Extremadura	General	Index	2017QI	102.040
Nacional	11 Extremadura	General	Index	2016QIV	100.885
Nacional	11 Extremadura	General	Index	2016QIII	102.371
Nacional	11 Extremadura	General	Index	2016QII	101.524
Nacional	11 Extremadura	General	Index	2016QI	100.939
Nacional	11 Extremadura	General	Index	2015QIV	100.094
Nacional	11 Extremadura	General	Index	2015QIII	100.398
Nacional	11 Extremadura	General	Index	2015QII	100.233
Nacional	11 Extremadura	General	Index	2015QI	99.275
Nacional	11 Extremadura	General	Index	2014QIV	97.574
Nacional	11 Extremadura	General	Index	2014QIII	97.160
Nacional	11 Extremadura	General	Index	2014QII	99.326
Nacional	11 Extremadura	General	Index	2014QI	98.443
Nacional	11 Extremadura	General	Index	2013QIV	98.279
Nacional	11 Extremadura	General	Index	2013QIII	101.848
Nacional	11 Extremadura	General	Index	2013QII	102.923
Nacional	11 Extremadura	General	Index	2013QI	106.375
Nacional	11 Extremadura	General	Index	2012QIV	116.527
Nacional	11 Extremadura	General	Index	2012QIII	118.487
Nacional	11 Extremadura	General	Index	2012QII	122.018
Nacional	11 Extremadura	General	Index	2012QI	123.230
Nacional	11 Extremadura	General	Index	2011QIV	127.530
Nacional	11 Extremadura	General	Index	2011QIII	131.290
Nacional	11 Extremadura	General	Index	2011QII	131.731
Nacional	11 Extremadura	General	Index	2011QI	132.502
Nacional	11 Extremadura	General	Index	2010QIV	138.621
Nacional	11 Extremadura	General	Index	2010QIII	137.766
Nacional	11 Extremadura	General	Index	2010QII	142.948
Nacional	11 Extremadura	General	Index	2010QI	137.657
Nacional	11 Extremadura	General	Index	2009QIV	136.367
Nacional	11 Extremadura	General	Index	2009QIII	138.991
Nacional	11 Extremadura	General	Index	2009QII	138.829
Nacional	11 Extremadura	General	Index	2009QI	134.852
Nacional	11 Extremadura	General	Index	2008QIV	133.827
Nacional	11 Extremadura	General	Index	2008QIII	139.199
Nacional	11 Extremadura	General	Index	2008QII	140.231
Nacional	11 Extremadura	General	Index	2008QI	137.882
Nacional	11 Extremadura	General	Index	2007QIV	136.545
Nacional	11 Extremadura	General	Index	2007QIII	135.214
Nacional	11 Extremadura	General	Index	2007QII	133.609
Nacional	11 Extremadura	General	Index	2007QI	128.926
Nacional	12 Galicia	General	Index	2025QIII	164.069
Nacional	12 Galicia	General	Index	2025QII	158.913
Nacional	12 Galicia	General	Index	2025QI	151.721
Nacional	12 Galicia	General	Index	2024QIV	146.552
Nacional	12 Galicia	General	Index	2024QIII	144.703
Nacional	12 Galicia	General	Index	2024QII	140.946
Nacional	12 Galicia	General	Index	2024QI	136.417
Nacional	12 Galicia	General	Index	2023QIV	132.570
Nacional	12 Galicia	General	Index	2023QIII	134.796
Nacional	12 Galicia	General	Index	2023QII	132.073
Nacional	12 Galicia	General	Index	2023QI	129.786
Nacional	12 Galicia	General	Index	2022QIV	128.172
Nacional	12 Galicia	General	Index	2022QIII	128.919
Nacional	12 Galicia	General	Index	2022QII	128.080
Nacional	12 Galicia	General	Index	2022QI	125.568
Nacional	12 Galicia	General	Index	2021QIV	122.678
Nacional	12 Galicia	General	Index	2021QIII	121.530
Nacional	12 Galicia	General	Index	2021QII	118.952
Nacional	12 Galicia	General	Index	2021QI	115.961
Nacional	12 Galicia	General	Index	2020QIV	114.833
Nacional	12 Galicia	General	Index	2020QIII	114.881
Nacional	12 Galicia	General	Index	2020QII	114.935
Nacional	12 Galicia	General	Index	2020QI	113.415
Nacional	12 Galicia	General	Index	2019QIV	113.514
Nacional	12 Galicia	General	Index	2019QIII	112.716
Nacional	12 Galicia	General	Index	2019QII	111.946
Nacional	12 Galicia	General	Index	2019QI	109.816
Nacional	12 Galicia	General	Index	2018QIV	109.235
Nacional	12 Galicia	General	Index	2018QIII	108.643
Nacional	12 Galicia	General	Index	2018QII	106.771
Nacional	12 Galicia	General	Index	2018QI	106.043
Nacional	12 Galicia	General	Index	2017QIV	104.973
Nacional	12 Galicia	General	Index	2017QIII	104.396
Nacional	12 Galicia	General	Index	2017QII	102.744
Nacional	12 Galicia	General	Index	2017QI	102.753
Nacional	12 Galicia	General	Index	2016QIV	102.027
Nacional	12 Galicia	General	Index	2016QIII	102.621
Nacional	12 Galicia	General	Index	2016QII	101.768
Nacional	12 Galicia	General	Index	2016QI	101.412
Nacional	12 Galicia	General	Index	2015QIV	99.954
Nacional	12 Galicia	General	Index	2015QIII	101.341
Nacional	12 Galicia	General	Index	2015QII	100.529
Nacional	12 Galicia	General	Index	2015QI	98.176
Nacional	12 Galicia	General	Index	2014QIV	98.318
Nacional	12 Galicia	General	Index	2014QIII	98.902
Nacional	12 Galicia	General	Index	2014QII	99.732
Nacional	12 Galicia	General	Index	2014QI	97.668
Nacional	12 Galicia	General	Index	2013QIV	97.337
Nacional	12 Galicia	General	Index	2013QIII	100.894
Nacional	12 Galicia	General	Index	2013QII	99.665
Nacional	12 Galicia	General	Index	2013QI	101.441
Nacional	12 Galicia	General	Index	2012QIV	109.198
Nacional	12 Galicia	General	Index	2012QIII	108.648
Nacional	12 Galicia	General	Index	2012QII	114.500
Nacional	12 Galicia	General	Index	2012QI	117.192
Nacional	12 Galicia	General	Index	2011QIV	124.974
Nacional	12 Galicia	General	Index	2011QIII	128.343
Nacional	12 Galicia	General	Index	2011QII	131.202
Nacional	12 Galicia	General	Index	2011QI	131.894
Nacional	12 Galicia	General	Index	2010QIV	135.699
Nacional	12 Galicia	General	Index	2010QIII	133.637
Nacional	12 Galicia	General	Index	2010QII	138.785
Nacional	12 Galicia	General	Index	2010QI	135.923
Nacional	12 Galicia	General	Index	2009QIV	137.605
Nacional	12 Galicia	General	Index	2009QIII	138.109
Nacional	12 Galicia	General	Index	2009QII	139.875
Nacional	12 Galicia	General	Index	2009QI	139.291
Nacional	12 Galicia	General	Index	2008QIV	139.658
Nacional	12 Galicia	General	Index	2008QIII	140.975
Nacional	12 Galicia	General	Index	2008QII	141.072
Nacional	12 Galicia	General	Index	2008QI	140.052
Nacional	12 Galicia	General	Index	2007QIV	140.231
Nacional	12 Galicia	General	Index	2007QIII	137.692
Nacional	12 Galicia	General	Index	2007QII	134.662
Nacional	12 Galicia	General	Index	2007QI	130.573
Nacional	13 Madrid, Comunidad de	General	Index	2025QIII	204.059
Nacional	13 Madrid, Comunidad de	General	Index	2025QII	197.688
Nacional	13 Madrid, Comunidad de	General	Index	2025QI	188.426
Nacional	13 Madrid, Comunidad de	General	Index	2024QIV	181.836
Nacional	13 Madrid, Comunidad de	General	Index	2024QIII	178.650
Nacional	13 Madrid, Comunidad de	General	Index	2024QII	174.536
Nacional	13 Madrid, Comunidad de	General	Index	2024QI	168.785
Nacional	13 Madrid, Comunidad de	General	Index	2023QIV	164.821
Nacional	13 Madrid, Comunidad de	General	Index	2023QIII	166.589
Nacional	13 Madrid, Comunidad de	General	Index	2023QII	162.841
Nacional	13 Madrid, Comunidad de	General	Index	2023QI	159.407
Nacional	13 Madrid, Comunidad de	General	Index	2022QIV	157.779
Nacional	13 Madrid, Comunidad de	General	Index	2022QIII	160.024
Nacional	13 Madrid, Comunidad de	General	Index	2022QII	156.460
Nacional	13 Madrid, Comunidad de	General	Index	2022QI	154.666
Nacional	13 Madrid, Comunidad de	General	Index	2021QIV	150.345
Nacional	13 Madrid, Comunidad de	General	Index	2021QIII	148.701
Nacional	13 Madrid, Comunidad de	General	Index	2021QII	145.849
Nacional	13 Madrid, Comunidad de	General	Index	2021QI	143.929
Nacional	13 Madrid, Comunidad de	General	Index	2020QIV	142.540
Nacional	13 Madrid, Comunidad de	General	Index	2020QIII	144.599
Nacional	13 Madrid, Comunidad de	General	Index	2020QII	143.130
Nacional	13 Madrid, Comunidad de	General	Index	2020QI	143.971
Nacional	13 Madrid, Comunidad de	General	Index	2019QIV	140.469
Nacional	13 Madrid, Comunidad de	General	Index	2019QIII	142.864
Nacional	13 Madrid, Comunidad de	General	Index	2019QII	140.795
Nacional	13 Madrid, Comunidad de	General	Index	2019QI	140.440
Nacional	13 Madrid, Comunidad de	General	Index	2018QIV	136.465
Nacional	13 Madrid, Comunidad de	General	Index	2018QIII	136.576
Nacional	13 Madrid, Comunidad de	General	Index	2018QII	132.253
Nacional	13 Madrid, Comunidad de	General	Index	2018QI	128.005
Nacional	13 Madrid, Comunidad de	General	Index	2017QIV	124.536
Nacional	13 Madrid, Comunidad de	General	Index	2017QIII	123.166
Nacional	13 Madrid, Comunidad de	General	Index	2017QII	120.105
Nacional	13 Madrid, Comunidad de	General	Index	2017QI	116.205
Nacional	13 Madrid, Comunidad de	General	Index	2016QIV	111.280
Nacional	13 Madrid, Comunidad de	General	Index	2016QIII	109.629
Nacional	13 Madrid, Comunidad de	General	Index	2016QII	108.331
Nacional	13 Madrid, Comunidad de	General	Index	2016QI	105.026
Nacional	13 Madrid, Comunidad de	General	Index	2015QIV	102.077
Nacional	13 Madrid, Comunidad de	General	Index	2015QIII	101.685
Nacional	13 Madrid, Comunidad de	General	Index	2015QII	100.535
Nacional	13 Madrid, Comunidad de	General	Index	2015QI	95.703
Nacional	13 Madrid, Comunidad de	General	Index	2014QIV	95.116
Nacional	13 Madrid, Comunidad de	General	Index	2014QIII	95.101
Nacional	13 Madrid, Comunidad de	General	Index	2014QII	94.531
Nacional	13 Madrid, Comunidad de	General	Index	2014QI	93.540
Nacional	13 Madrid, Comunidad de	General	Index	2013QIV	92.434
Nacional	13 Madrid, Comunidad de	General	Index	2013QIII	92.492
Nacional	13 Madrid, Comunidad de	General	Index	2013QII	92.054
Nacional	13 Madrid, Comunidad de	General	Index	2013QI	91.832
Nacional	13 Madrid, Comunidad de	General	Index	2012QIV	98.843
Nacional	13 Madrid, Comunidad de	General	Index	2012QIII	100.739
Nacional	13 Madrid, Comunidad de	General	Index	2012QII	106.040
Nacional	13 Madrid, Comunidad de	General	Index	2012QI	110.315
Nacional	13 Madrid, Comunidad de	General	Index	2011QIV	113.702
Nacional	13 Madrid, Comunidad de	General	Index	2011QIII	122.707
Nacional	13 Madrid, Comunidad de	General	Index	2011QII	126.254
Nacional	13 Madrid, Comunidad de	General	Index	2011QI	128.643
Nacional	13 Madrid, Comunidad de	General	Index	2010QIV	134.844
Nacional	13 Madrid, Comunidad de	General	Index	2010QIII	134.630
Nacional	13 Madrid, Comunidad de	General	Index	2010QII	135.869
Nacional	13 Madrid, Comunidad de	General	Index	2010QI	132.691
Nacional	13 Madrid, Comunidad de	General	Index	2009QIV	132.617
Nacional	13 Madrid, Comunidad de	General	Index	2009QIII	133.458
Nacional	13 Madrid, Comunidad de	General	Index	2009QII	134.047
Nacional	13 Madrid, Comunidad de	General	Index	2009QI	135.803
Nacional	13 Madrid, Comunidad de	General	Index	2008QIV	141.975
Nacional	13 Madrid, Comunidad de	General	Index	2008QIII	149.952
Nacional	13 Madrid, Comunidad de	General	Index	2008QII	153.003
Nacional	13 Madrid, Comunidad de	General	Index	2008QI	152.904
Nacional	13 Madrid, Comunidad de	General	Index	2007QIV	154.513
Nacional	13 Madrid, Comunidad de	General	Index	2007QIII	161.262
Nacional	13 Madrid, Comunidad de	General	Index	2007QII	160.668
Nacional	13 Madrid, Comunidad de	General	Index	2007QI	157.226
Nacional	14 Murcia, Región de	General	Index	2025QIII	167.963
Nacional	14 Murcia, Región de	General	Index	2025QII	162.666
Nacional	14 Murcia, Región de	General	Index	2025QI	154.993
Nacional	14 Murcia, Región de	General	Index	2024QIV	150.180
Nacional	14 Murcia, Región de	General	Index	2024QIII	146.067
Nacional	14 Murcia, Región de	General	Index	2024QII	141.981
Nacional	14 Murcia, Región de	General	Index	2024QI	136.839
Nacional	14 Murcia, Región de	General	Index	2023QIV	134.506
Nacional	14 Murcia, Región de	General	Index	2023QIII	133.986
Nacional	14 Murcia, Región de	General	Index	2023QII	132.087
Nacional	14 Murcia, Región de	General	Index	2023QI	129.441
Nacional	14 Murcia, Región de	General	Index	2022QIV	129.533
Nacional	14 Murcia, Región de	General	Index	2022QIII	131.001
Nacional	14 Murcia, Región de	General	Index	2022QII	130.258
Nacional	14 Murcia, Región de	General	Index	2022QI	127.267
Nacional	14 Murcia, Región de	General	Index	2021QIV	123.591
Nacional	14 Murcia, Región de	General	Index	2021QIII	122.360
Nacional	14 Murcia, Región de	General	Index	2021QII	119.124
Nacional	14 Murcia, Región de	General	Index	2021QI	116.235
Nacional	14 Murcia, Región de	General	Index	2020QIV	115.914
Nacional	14 Murcia, Región de	General	Index	2020QIII	115.122
Nacional	14 Murcia, Región de	General	Index	2020QII	114.141
Nacional	14 Murcia, Región de	General	Index	2020QI	112.336
Nacional	14 Murcia, Región de	General	Index	2019QIV	112.501
Nacional	14 Murcia, Región de	General	Index	2019QIII	111.729
Nacional	14 Murcia, Región de	General	Index	2019QII	110.954
Nacional	14 Murcia, Región de	General	Index	2019QI	108.708
Nacional	14 Murcia, Región de	General	Index	2018QIV	107.538
Nacional	14 Murcia, Región de	General	Index	2018QIII	107.790
Nacional	14 Murcia, Región de	General	Index	2018QII	105.157
Nacional	14 Murcia, Región de	General	Index	2018QI	104.075
Nacional	14 Murcia, Región de	General	Index	2017QIV	102.930
Nacional	14 Murcia, Región de	General	Index	2017QIII	103.736
Nacional	14 Murcia, Región de	General	Index	2017QII	102.469
Nacional	14 Murcia, Región de	General	Index	2017QI	101.313
Nacional	14 Murcia, Región de	General	Index	2016QIV	101.059
Nacional	14 Murcia, Región de	General	Index	2016QIII	101.927
Nacional	14 Murcia, Región de	General	Index	2016QII	102.195
Nacional	14 Murcia, Región de	General	Index	2016QI	100.406
Nacional	14 Murcia, Región de	General	Index	2015QIV	100.359
Nacional	14 Murcia, Región de	General	Index	2015QIII	101.213
Nacional	14 Murcia, Región de	General	Index	2015QII	100.826
Nacional	14 Murcia, Región de	General	Index	2015QI	97.602
Nacional	14 Murcia, Región de	General	Index	2014QIV	98.602
Nacional	14 Murcia, Región de	General	Index	2014QIII	99.465
Nacional	14 Murcia, Región de	General	Index	2014QII	98.955
Nacional	14 Murcia, Región de	General	Index	2014QI	96.438
Nacional	14 Murcia, Región de	General	Index	2013QIV	95.977
Nacional	14 Murcia, Región de	General	Index	2013QIII	98.027
Nacional	14 Murcia, Región de	General	Index	2013QII	97.829
Nacional	14 Murcia, Región de	General	Index	2013QI	100.888
Nacional	14 Murcia, Región de	General	Index	2012QIV	111.335
Nacional	14 Murcia, Región de	General	Index	2012QIII	115.391
Nacional	14 Murcia, Región de	General	Index	2012QII	117.283
Nacional	14 Murcia, Región de	General	Index	2012QI	119.693
Nacional	14 Murcia, Región de	General	Index	2011QIV	125.867
Nacional	14 Murcia, Región de	General	Index	2011QIII	130.042
Nacional	14 Murcia, Región de	General	Index	2011QII	132.440
Nacional	14 Murcia, Región de	General	Index	2011QI	133.638
Nacional	14 Murcia, Región de	General	Index	2010QIV	135.542
Nacional	14 Murcia, Región de	General	Index	2010QIII	137.569
Nacional	14 Murcia, Región de	General	Index	2010QII	139.726
Nacional	14 Murcia, Región de	General	Index	2010QI	136.937
Nacional	14 Murcia, Región de	General	Index	2009QIV	139.149
Nacional	14 Murcia, Región de	General	Index	2009QIII	139.236
Nacional	14 Murcia, Región de	General	Index	2009QII	138.688
Nacional	14 Murcia, Región de	General	Index	2009QI	138.454
Nacional	14 Murcia, Región de	General	Index	2008QIV	139.190
Nacional	14 Murcia, Región de	General	Index	2008QIII	140.779
Nacional	14 Murcia, Región de	General	Index	2008QII	140.492
Nacional	14 Murcia, Región de	General	Index	2008QI	140.751
Nacional	14 Murcia, Región de	General	Index	2007QIV	140.362
Nacional	14 Murcia, Región de	General	Index	2007QIII	137.832
Nacional	14 Murcia, Región de	General	Index	2007QII	134.346
Nacional	14 Murcia, Región de	General	Index	2007QI	129.674
Nacional	15 Navarra, Comunidad Foral de	General	Index	2025QIII	166.609
Nacional	15 Navarra, Comunidad Foral de	General	Index	2025QII	162.614
Nacional	15 Navarra, Comunidad Foral de	General	Index	2025QI	156.050
Nacional	15 Navarra, Comunidad Foral de	General	Index	2024QIV	150.034
Nacional	15 Navarra, Comunidad Foral de	General	Index	2024QIII	150.225
Nacional	15 Navarra, Comunidad Foral de	General	Index	2024QII	145.143
Nacional	15 Navarra, Comunidad Foral de	General	Index	2024QI	140.034
Nacional	15 Navarra, Comunidad Foral de	General	Index	2023QIV	132.884
Nacional	15 Navarra, Comunidad Foral de	General	Index	2023QIII	135.687
Nacional	15 Navarra, Comunidad Foral de	General	Index	2023QII	131.585
Nacional	15 Navarra, Comunidad Foral de	General	Index	2023QI	130.110
Nacional	15 Navarra, Comunidad Foral de	General	Index	2022QIV	126.950
Nacional	15 Navarra, Comunidad Foral de	General	Index	2022QIII	126.074
Nacional	15 Navarra, Comunidad Foral de	General	Index	2022QII	124.561
Nacional	15 Navarra, Comunidad Foral de	General	Index	2022QI	123.026
Nacional	15 Navarra, Comunidad Foral de	General	Index	2021QIV	118.408
Nacional	15 Navarra, Comunidad Foral de	General	Index	2021QIII	118.054
Nacional	15 Navarra, Comunidad Foral de	General	Index	2021QII	116.122
Nacional	15 Navarra, Comunidad Foral de	General	Index	2021QI	114.172
Nacional	15 Navarra, Comunidad Foral de	General	Index	2020QIV	112.541
Nacional	15 Navarra, Comunidad Foral de	General	Index	2020QIII	114.308
Nacional	15 Navarra, Comunidad Foral de	General	Index	2020QII	113.207
Nacional	15 Navarra, Comunidad Foral de	General	Index	2020QI	113.909
Nacional	15 Navarra, Comunidad Foral de	General	Index	2019QIV	111.887
Nacional	15 Navarra, Comunidad Foral de	General	Index	2019QIII	112.359
Nacional	15 Navarra, Comunidad Foral de	General	Index	2019QII	111.850
Nacional	15 Navarra, Comunidad Foral de	General	Index	2019QI	110.358
Nacional	15 Navarra, Comunidad Foral de	General	Index	2018QIV	108.393
Nacional	15 Navarra, Comunidad Foral de	General	Index	2018QIII	109.013
Nacional	15 Navarra, Comunidad Foral de	General	Index	2018QII	107.657
Nacional	15 Navarra, Comunidad Foral de	General	Index	2018QI	105.165
Nacional	15 Navarra, Comunidad Foral de	General	Index	2017QIV	104.199
Nacional	15 Navarra, Comunidad Foral de	General	Index	2017QIII	104.517
Nacional	15 Navarra, Comunidad Foral de	General	Index	2017QII	104.063
Nacional	15 Navarra, Comunidad Foral de	General	Index	2017QI	102.962
Nacional	15 Navarra, Comunidad Foral de	General	Index	2016QIV	102.015
Nacional	15 Navarra, Comunidad Foral de	General	Index	2016QIII	102.319
Nacional	15 Navarra, Comunidad Foral de	General	Index	2016QII	101.380
Nacional	15 Navarra, Comunidad Foral de	General	Index	2016QI	100.992
Nacional	15 Navarra, Comunidad Foral de	General	Index	2015QIV	100.082
Nacional	15 Navarra, Comunidad Foral de	General	Index	2015QIII	100.146
Nacional	15 Navarra, Comunidad Foral de	General	Index	2015QII	101.241
Nacional	15 Navarra, Comunidad Foral de	General	Index	2015QI	98.531
Nacional	15 Navarra, Comunidad Foral de	General	Index	2014QIV	98.341
Nacional	15 Navarra, Comunidad Foral de	General	Index	2014QIII	98.773
Nacional	15 Navarra, Comunidad Foral de	General	Index	2014QII	101.062
Nacional	15 Navarra, Comunidad Foral de	General	Index	2014QI	99.403
Nacional	15 Navarra, Comunidad Foral de	General	Index	2013QIV	102.609
Nacional	15 Navarra, Comunidad Foral de	General	Index	2013QIII	106.145
Nacional	15 Navarra, Comunidad Foral de	General	Index	2013QII	107.584
Nacional	15 Navarra, Comunidad Foral de	General	Index	2013QI	108.802
Nacional	15 Navarra, Comunidad Foral de	General	Index	2012QIV	118.174
Nacional	15 Navarra, Comunidad Foral de	General	Index	2012QIII	119.193
Nacional	15 Navarra, Comunidad Foral de	General	Index	2012QII	121.039
Nacional	15 Navarra, Comunidad Foral de	General	Index	2012QI	121.204
Nacional	15 Navarra, Comunidad Foral de	General	Index	2011QIV	132.802
Nacional	15 Navarra, Comunidad Foral de	General	Index	2011QIII	139.950
Nacional	15 Navarra, Comunidad Foral de	General	Index	2011QII	141.497
Nacional	15 Navarra, Comunidad Foral de	General	Index	2011QI	143.602
Nacional	15 Navarra, Comunidad Foral de	General	Index	2010QIV	149.052
Nacional	15 Navarra, Comunidad Foral de	General	Index	2010QIII	148.684
Nacional	15 Navarra, Comunidad Foral de	General	Index	2010QII	153.137
Nacional	15 Navarra, Comunidad Foral de	General	Index	2010QI	153.357
Nacional	15 Navarra, Comunidad Foral de	General	Index	2009QIV	158.315
Nacional	15 Navarra, Comunidad Foral de	General	Index	2009QIII	158.985
Nacional	15 Navarra, Comunidad Foral de	General	Index	2009QII	163.177
Nacional	15 Navarra, Comunidad Foral de	General	Index	2009QI	164.339
Nacional	15 Navarra, Comunidad Foral de	General	Index	2008QIV	172.655
Nacional	15 Navarra, Comunidad Foral de	General	Index	2008QIII	176.912
Nacional	15 Navarra, Comunidad Foral de	General	Index	2008QII	184.034
Nacional	15 Navarra, Comunidad Foral de	General	Index	2008QI	182.831
Nacional	15 Navarra, Comunidad Foral de	General	Index	2007QIV	182.983
Nacional	15 Navarra, Comunidad Foral de	General	Index	2007QIII	186.732
Nacional	15 Navarra, Comunidad Foral de	General	Index	2007QII	182.933
Nacional	15 Navarra, Comunidad Foral de	General	Index	2007QI	181.143
Nacional	16 País Vasco	General	Index	2025QIII	168.610
Nacional	16 País Vasco	General	Index	2025QII	164.980
Nacional	16 País Vasco	General	Index	2025QI	159.472
Nacional	16 País Vasco	General	Index	2024QIV	151.915
Nacional	16 País Vasco	General	Index	2024QIII	151.029
Nacional	16 País Vasco	General	Index	2024QII	146.777
Nacional	16 País Vasco	General	Index	2024QI	141.867
Nacional	16 País Vasco	General	Index	2023QIV	137.252
Nacional	16 País Vasco	General	Index	2023QIII	139.330
Nacional	16 País Vasco	General	Index	2023QII	135.331
Nacional	16 País Vasco	General	Index	2023QI	133.352
Nacional	16 País Vasco	General	Index	2022QIV	132.132
Nacional	16 País Vasco	General	Index	2022QIII	134.215
Nacional	16 País Vasco	General	Index	2022QII	131.348
Nacional	16 País Vasco	General	Index	2022QI	129.365
Nacional	16 País Vasco	General	Index	2021QIV	125.938
Nacional	16 País Vasco	General	Index	2021QIII	124.501
Nacional	16 País Vasco	General	Index	2021QII	123.336
Nacional	16 País Vasco	General	Index	2021QI	121.755
Nacional	16 País Vasco	General	Index	2020QIV	120.831
Nacional	16 País Vasco	General	Index	2020QIII	122.837
Nacional	16 País Vasco	General	Index	2020QII	120.265
Nacional	16 País Vasco	General	Index	2020QI	121.515
Nacional	16 País Vasco	General	Index	2019QIV	118.272
Nacional	16 País Vasco	General	Index	2019QIII	120.599
Nacional	16 País Vasco	General	Index	2019QII	118.350
Nacional	16 País Vasco	General	Index	2019QI	117.529
Nacional	16 País Vasco	General	Index	2018QIV	114.884
Nacional	16 País Vasco	General	Index	2018QIII	115.044
Nacional	16 País Vasco	General	Index	2018QII	113.955
Nacional	16 País Vasco	General	Index	2018QI	111.109
Nacional	16 País Vasco	General	Index	2017QIV	109.377
Nacional	16 País Vasco	General	Index	2017QIII	109.752
Nacional	16 País Vasco	General	Index	2017QII	107.724
Nacional	16 País Vasco	General	Index	2017QI	104.709
Nacional	16 País Vasco	General	Index	2016QIV	102.124
Nacional	16 País Vasco	General	Index	2016QIII	103.749
Nacional	16 País Vasco	General	Index	2016QII	103.041
Nacional	16 País Vasco	General	Index	2016QI	101.381
Nacional	16 País Vasco	General	Index	2015QIV	100.953
Nacional	16 País Vasco	General	Index	2015QIII	100.217
Nacional	16 País Vasco	General	Index	2015QII	100.257
Nacional	16 País Vasco	General	Index	2015QI	98.573
Nacional	16 País Vasco	General	Index	2014QIV	99.309
Nacional	16 País Vasco	General	Index	2014QIII	99.210
Nacional	16 País Vasco	General	Index	2014QII	98.393
Nacional	16 País Vasco	General	Index	2014QI	99.246
Nacional	16 País Vasco	General	Index	2013QIV	99.328
Nacional	16 País Vasco	General	Index	2013QIII	101.141
Nacional	16 País Vasco	General	Index	2013QII	99.781
Nacional	16 País Vasco	General	Index	2013QI	97.891
Nacional	16 País Vasco	General	Index	2012QIV	104.930
Nacional	16 País Vasco	General	Index	2012QIII	106.445
Nacional	16 País Vasco	General	Index	2012QII	110.632
Nacional	16 País Vasco	General	Index	2012QI	112.449
Nacional	16 País Vasco	General	Index	2011QIV	120.963
Nacional	16 País Vasco	General	Index	2011QIII	125.702
Nacional	16 País Vasco	General	Index	2011QII	131.074
Nacional	16 País Vasco	General	Index	2011QI	134.124
Nacional	16 País Vasco	General	Index	2010QIV	137.740
Nacional	16 País Vasco	General	Index	2010QIII	137.652
Nacional	16 País Vasco	General	Index	2010QII	140.536
Nacional	16 País Vasco	General	Index	2010QI	138.551
Nacional	16 País Vasco	General	Index	2009QIV	139.658
Nacional	16 País Vasco	General	Index	2009QIII	138.505
Nacional	16 País Vasco	General	Index	2009QII	141.278
Nacional	16 País Vasco	General	Index	2009QI	144.220
Nacional	16 País Vasco	General	Index	2008QIV	150.260
Nacional	16 País Vasco	General	Index	2008QIII	154.645
Nacional	16 País Vasco	General	Index	2008QII	161.651
Nacional	16 País Vasco	General	Index	2008QI	161.690
Nacional	16 País Vasco	General	Index	2007QIV	163.393
Nacional	16 País Vasco	General	Index	2007QIII	165.108
Nacional	16 País Vasco	General	Index	2007QII	163.676
Nacional	16 País Vasco	General	Index	2007QI	159.283
Nacional	17 Rioja, La	General	Index	2025QIII	168.635
Nacional	17 Rioja, La	General	Index	2025QII	164.705
Nacional	17 Rioja, La	General	Index	2025QI	158.501
Nacional	17 Rioja, La	General	Index	2024QIV	151.397
Nacional	17 Rioja, La	General	Index	2024QIII	147.767
Nacional	17 Rioja, La	General	Index	2024QII	144.803
Nacional	17 Rioja, La	General	Index	2024QI	139.961
Nacional	17 Rioja, La	General	Index	2023QIV	135.324
Nacional	17 Rioja, La	General	Index	2023QIII	135.332
Nacional	17 Rioja, La	General	Index	2023QII	133.325
Nacional	17 Rioja, La	General	Index	2023QI	130.660
Nacional	17 Rioja, La	General	Index	2022QIV	130.212
Nacional	17 Rioja, La	General	Index	2022QIII	132.781
Nacional	17 Rioja, La	General	Index	2022QII	129.915
Nacional	17 Rioja, La	General	Index	2022QI	127.118
Nacional	17 Rioja, La	General	Index	2021QIV	123.528
Nacional	17 Rioja, La	General	Index	2021QIII	122.887
Nacional	17 Rioja, La	General	Index	2021QII	120.454
Nacional	17 Rioja, La	General	Index	2021QI	118.456
Nacional	17 Rioja, La	General	Index	2020QIV	117.347
Nacional	17 Rioja, La	General	Index	2020QIII	116.897
Nacional	17 Rioja, La	General	Index	2020QII	117.732
Nacional	17 Rioja, La	General	Index	2020QI	116.744
Nacional	17 Rioja, La	General	Index	2019QIV	116.161
Nacional	17 Rioja, La	General	Index	2019QIII	115.520
Nacional	17 Rioja, La	General	Index	2019QII	115.227
Nacional	17 Rioja, La	General	Index	2019QI	113.141
Nacional	17 Rioja, La	General	Index	2018QIV	110.987
Nacional	17 Rioja, La	General	Index	2018QIII	110.650
Nacional	17 Rioja, La	General	Index	2018QII	108.493
Nacional	17 Rioja, La	General	Index	2018QI	106.496
Nacional	17 Rioja, La	General	Index	2017QIV	105.228
Nacional	17 Rioja, La	General	Index	2017QIII	103.733
Nacional	17 Rioja, La	General	Index	2017QII	104.009
Nacional	17 Rioja, La	General	Index	2017QI	103.177
Nacional	17 Rioja, La	General	Index	2016QIV	101.551
Nacional	17 Rioja, La	General	Index	2016QIII	102.692
Nacional	17 Rioja, La	General	Index	2016QII	102.559
Nacional	17 Rioja, La	General	Index	2016QI	101.038
Nacional	17 Rioja, La	General	Index	2015QIV	101.198
Nacional	17 Rioja, La	General	Index	2015QIII	100.458
Nacional	17 Rioja, La	General	Index	2015QII	101.015
Nacional	17 Rioja, La	General	Index	2015QI	97.329
Nacional	17 Rioja, La	General	Index	2014QIV	99.656
Nacional	17 Rioja, La	General	Index	2014QIII	99.606
Nacional	17 Rioja, La	General	Index	2014QII	99.822
Nacional	17 Rioja, La	General	Index	2014QI	98.849
Nacional	17 Rioja, La	General	Index	2013QIV	99.440
Nacional	17 Rioja, La	General	Index	2013QIII	103.187
Nacional	17 Rioja, La	General	Index	2013QII	101.570
Nacional	17 Rioja, La	General	Index	2013QI	102.695
Nacional	17 Rioja, La	General	Index	2012QIV	112.546
Nacional	17 Rioja, La	General	Index	2012QIII	114.027
Nacional	17 Rioja, La	General	Index	2012QII	119.511
Nacional	17 Rioja, La	General	Index	2012QI	125.248
Nacional	17 Rioja, La	General	Index	2011QIV	130.565
Nacional	17 Rioja, La	General	Index	2011QIII	136.609
Nacional	17 Rioja, La	General	Index	2011QII	140.953
Nacional	17 Rioja, La	General	Index	2011QI	143.510
Nacional	17 Rioja, La	General	Index	2010QIV	152.249
Nacional	17 Rioja, La	General	Index	2010QIII	153.957
Nacional	17 Rioja, La	General	Index	2010QII	158.218
Nacional	17 Rioja, La	General	Index	2010QI	155.668
Nacional	17 Rioja, La	General	Index	2009QIV	162.346
Nacional	17 Rioja, La	General	Index	2009QIII	160.814
Nacional	17 Rioja, La	General	Index	2009QII	160.950
Nacional	17 Rioja, La	General	Index	2009QI	160.388
Nacional	17 Rioja, La	General	Index	2008QIV	167.477
Nacional	17 Rioja, La	General	Index	2008QIII	167.779
Nacional	17 Rioja, La	General	Index	2008QII	172.047
Nacional	17 Rioja, La	General	Index	2008QI	174.361
Nacional	17 Rioja, La	General	Index	2007QIV	174.119
Nacional	17 Rioja, La	General	Index	2007QIII	170.951
Nacional	17 Rioja, La	General	Index	2007QII	168.671
Nacional	17 Rioja, La	General	Index	2007QI	163.779
Nacional	18 Ceuta	General	Index	2025QIII	204.600
Nacional	18 Ceuta	General	Index	2025QII	199.398
Nacional	18 Ceuta	General	Index	2025QI	192.344
Nacional	18 Ceuta	General	Index	2024QIV	184.569
Nacional	18 Ceuta	General	Index	2024QIII	178.624
Nacional	18 Ceuta	General	Index	2024QII	176.973
Nacional	18 Ceuta	General	Index	2024QI	170.101
Nacional	18 Ceuta	General	Index	2023QIV	165.638
Nacional	18 Ceuta	General	Index	2023QIII	164.611
Nacional	18 Ceuta	General	Index	2023QII	161.660
Nacional	18 Ceuta	General	Index	2023QI	159.058
Nacional	18 Ceuta	General	Index	2022QIV	158.378
Nacional	18 Ceuta	General	Index	2022QIII	155.619
Nacional	18 Ceuta	General	Index	2022QII	152.246
Nacional	18 Ceuta	General	Index	2022QI	150.704
Nacional	18 Ceuta	General	Index	2021QIV	146.641
Nacional	18 Ceuta	General	Index	2021QIII	144.209
Nacional	18 Ceuta	General	Index	2021QII	139.038
Nacional	18 Ceuta	General	Index	2021QI	138.250
Nacional	18 Ceuta	General	Index	2020QIV	138.288
Nacional	18 Ceuta	General	Index	2020QIII	139.489
Nacional	18 Ceuta	General	Index	2020QII	135.216
Nacional	18 Ceuta	General	Index	2020QI	134.821
Nacional	18 Ceuta	General	Index	2019QIV	131.854
Nacional	18 Ceuta	General	Index	2019QIII	133.637
Nacional	18 Ceuta	General	Index	2019QII	130.592
Nacional	18 Ceuta	General	Index	2019QI	128.575
Nacional	18 Ceuta	General	Index	2018QIV	125.311
Nacional	18 Ceuta	General	Index	2018QIII	122.940
Nacional	18 Ceuta	General	Index	2018QII	121.003
Nacional	18 Ceuta	General	Index	2018QI	117.811
Nacional	18 Ceuta	General	Index	2017QIV	114.842
Nacional	18 Ceuta	General	Index	2017QIII	112.918
Nacional	18 Ceuta	General	Index	2017QII	111.457
Nacional	18 Ceuta	General	Index	2017QI	109.787
Nacional	18 Ceuta	General	Index	2016QIV	106.354
Nacional	18 Ceuta	General	Index	2016QIII	105.811
Nacional	18 Ceuta	General	Index	2016QII	105.497
Nacional	18 Ceuta	General	Index	2016QI	102.958
Nacional	18 Ceuta	General	Index	2015QIV	101.215
Nacional	18 Ceuta	General	Index	2015QIII	101.799
Nacional	18 Ceuta	General	Index	2015QII	101.252
Nacional	18 Ceuta	General	Index	2015QI	95.735
Nacional	18 Ceuta	General	Index	2014QIV	95.173
Nacional	18 Ceuta	General	Index	2014QIII	96.096
Nacional	18 Ceuta	General	Index	2014QII	95.460
Nacional	18 Ceuta	General	Index	2014QI	93.798
Nacional	18 Ceuta	General	Index	2013QIV	94.231
Nacional	18 Ceuta	General	Index	2013QIII	94.759
Nacional	18 Ceuta	General	Index	2013QII	95.791
Nacional	18 Ceuta	General	Index	2013QI	94.555
Nacional	18 Ceuta	General	Index	2012QIV	100.115
Nacional	18 Ceuta	General	Index	2012QIII	98.552
Nacional	18 Ceuta	General	Index	2012QII	103.630
Nacional	18 Ceuta	General	Index	2012QI	102.994
Nacional	18 Ceuta	General	Index	2011QIV	110.130
Nacional	18 Ceuta	General	Index	2011QIII	114.146
Nacional	18 Ceuta	General	Index	2011QII	118.168
Nacional	18 Ceuta	General	Index	2011QI	119.777
Nacional	18 Ceuta	General	Index	2010QIV	126.418
Nacional	18 Ceuta	General	Index	2010QIII	123.554
Nacional	18 Ceuta	General	Index	2010QII	127.833
Nacional	18 Ceuta	General	Index	2010QI	128.259
Nacional	18 Ceuta	General	Index	2009QIV	129.859
Nacional	18 Ceuta	General	Index	2009QIII	128.981
Nacional	18 Ceuta	General	Index	2009QII	133.360
Nacional	18 Ceuta	General	Index	2009QI	133.875
Nacional	18 Ceuta	General	Index	2008QIV	132.167
Nacional	18 Ceuta	General	Index	2008QIII	135.607
Nacional	18 Ceuta	General	Index	2008QII	139.932
Nacional	18 Ceuta	General	Index	2008QI	142.038
Nacional	18 Ceuta	General	Index	2007QIV	140.135
Nacional	18 Ceuta	General	Index	2007QIII	136.696
Nacional	18 Ceuta	General	Index	2007QII	134.757
Nacional	18 Ceuta	General	Index	2007QI	132.362
Nacional	19 Melilla	General	Index	2025QIII	200.061
Nacional	19 Melilla	General	Index	2025QII	194.975
Nacional	19 Melilla	General	Index	2025QI	187.389
Nacional	19 Melilla	General	Index	2024QIV	178.326
Nacional	19 Melilla	General	Index	2024QIII	174.797
Nacional	19 Melilla	General	Index	2024QII	171.953
Nacional	19 Melilla	General	Index	2024QI	164.358
Nacional	19 Melilla	General	Index	2023QIV	158.926
Nacional	19 Melilla	General	Index	2023QIII	161.958
Nacional	19 Melilla	General	Index	2023QII	160.434
Nacional	19 Melilla	General	Index	2023QI	156.969
Nacional	19 Melilla	General	Index	2022QIV	154.019
Nacional	19 Melilla	General	Index	2022QIII	152.976
Nacional	19 Melilla	General	Index	2022QII	151.150
Nacional	19 Melilla	General	Index	2022QI	147.760
Nacional	19 Melilla	General	Index	2021QIV	142.577
Nacional	19 Melilla	General	Index	2021QIII	142.563
Nacional	19 Melilla	General	Index	2021QII	139.007
Nacional	19 Melilla	General	Index	2021QI	134.954
Nacional	19 Melilla	General	Index	2020QIV	133.064
Nacional	19 Melilla	General	Index	2020QIII	133.661
Nacional	19 Melilla	General	Index	2020QII	130.290
Nacional	19 Melilla	General	Index	2020QI	128.760
Nacional	19 Melilla	General	Index	2019QIV	126.218
Nacional	19 Melilla	General	Index	2019QIII	127.460
Nacional	19 Melilla	General	Index	2019QII	124.154
Nacional	19 Melilla	General	Index	2019QI	125.310
Nacional	19 Melilla	General	Index	2018QIV	122.196
Nacional	19 Melilla	General	Index	2018QIII	120.965
Nacional	19 Melilla	General	Index	2018QII	119.341
Nacional	19 Melilla	General	Index	2018QI	115.546
Nacional	19 Melilla	General	Index	2017QIV	113.620
Nacional	19 Melilla	General	Index	2017QIII	110.681
Nacional	19 Melilla	General	Index	2017QII	110.490
Nacional	19 Melilla	General	Index	2017QI	108.707
Nacional	19 Melilla	General	Index	2016QIV	105.514
Nacional	19 Melilla	General	Index	2016QIII	105.729
Nacional	19 Melilla	General	Index	2016QII	106.378
Nacional	19 Melilla	General	Index	2016QI	103.741
Nacional	19 Melilla	General	Index	2015QIV	102.202
Nacional	19 Melilla	General	Index	2015QIII	101.778
Nacional	19 Melilla	General	Index	2015QII	100.468
Nacional	19 Melilla	General	Index	2015QI	95.551
Nacional	19 Melilla	General	Index	2014QIV	96.653
Nacional	19 Melilla	General	Index	2014QIII	97.439
Nacional	19 Melilla	General	Index	2014QII	97.005
Nacional	19 Melilla	General	Index	2014QI	95.304
Nacional	19 Melilla	General	Index	2013QIV	95.428
Nacional	19 Melilla	General	Index	2013QIII	96.051
Nacional	19 Melilla	General	Index	2013QII	96.248
Nacional	19 Melilla	General	Index	2013QI	96.948
Nacional	19 Melilla	General	Index	2012QIV	106.300
Nacional	19 Melilla	General	Index	2012QIII	109.499
Nacional	19 Melilla	General	Index	2012QII	111.003
Nacional	19 Melilla	General	Index	2012QI	113.399
Nacional	19 Melilla	General	Index	2011QIV	117.212
Nacional	19 Melilla	General	Index	2011QIII	124.349
Nacional	19 Melilla	General	Index	2011QII	128.490
Nacional	19 Melilla	General	Index	2011QI	129.296
Nacional	19 Melilla	General	Index	2010QIV	136.670
Nacional	19 Melilla	General	Index	2010QIII	137.833
Nacional	19 Melilla	General	Index	2010QII	139.503
Nacional	19 Melilla	General	Index	2010QI	136.709
Nacional	19 Melilla	General	Index	2009QIV	138.213
Nacional	19 Melilla	General	Index	2009QIII	138.571
Nacional	19 Melilla	General	Index	2009QII	135.798
Nacional	19 Melilla	General	Index	2009QI	135.458
Nacional	19 Melilla	General	Index	2008QIV	134.206
Nacional	19 Melilla	General	Index	2008QIII	133.498
Nacional	19 Melilla	General	Index	2008QII	133.204
Nacional	19 Melilla	General	Index	2008QI	135.752
Nacional	19 Melilla	General	Index	2007QIV	134.502
Nacional	19 Melilla	General	Index	2007QIII	132.239
Nacional	19 Melilla	General	Index	2007QII	128.738
Nacional	19 Melilla	General	Index	2007QI	124.877
